asp.mag,clim.sd,mean.lt.lam,max.lt.lam,seeds,rep
0,0,1.2561119487386403,1.2561119487386403,20.86162567138672,1
1,0,1.2524774236913772,1.2524774236913772,20.86162567138672,1
2,0,1.2415989558082263,1.2415989558082263,23.096799850463867,1
3,0,1.2235561850684853,1.2235561850684853,26.82209014892578,1
4,0,1.198495789451586,1.198495789451586,32.03749656677246,1
5,0,1.166650933907636,1.166650933907636,41.72325134277344,1
6,0,1.128365908368662,1.128365908368662,58.11452865600586,1
7,0,1.084123875412064,1.084123875412064,86.4267349243164,1
8,0,1.034574514797511,1.034574514797511,140.07091522216797,1
9,0,0.9805544375502931,0.9805544375502931,244.37904357910156,1
10,0,0.9230881865987866,0.9230881865987866,470.87669372558594,1
11,0,0.8633696472948229,0.8633696472948229,965.5952453613281,1
12,0,0.8027816983354942,0.8027816983354942,2098.08349609375,1
13,9,0.7489311212062697,0.7671997726075899,2360.3439331054688,1
14,11,0.7267351622006185,0.754154525476294,3194.8089599609375,1
15,11,0.7047776815992515,0.7253827391888152,3814.697265625,1
16,13,0.6897299343019275,0.7102336313905799,3862.3809814453125,1
17,15,0.6734865144283344,0.6892638242065742,7247.9248046875,1
18,16,0.6626262360326545,0.6773356630339334,8106.231689453125,1
19,16,0.6521160601219143,0.6762829039044995,8869.171142578125,1
20,19,0.6439785846853435,0.6699617813833102,10395.050048828125,1
21,19,0.6370147288015122,0.6494268875739203,15068.05419921875,1
22,21,0.6281743503617003,0.6436575414219248,14305.11474609375,1
23,23,0.6210049058271936,0.6509795231359721,21743.7744140625,1
24,22,0.6143764100077628,0.6249898831350166,19073.486328125,1
25,25,0.6096382835615487,0.6287931458865162,21934.50927734375,1
26,23,0.6064646152588585,0.6228695285895267,27465.8203125,1
27,23,0.5994315724047709,0.6171172737114661,32043.45703125,1
28,24,0.5969592314863523,0.6085204017451312,35476.6845703125,1
29,28,0.5916557450474588,0.6101054496589338,50735.4736328125,1
30,25,0.5876910066439758,0.5994874007215275,35858.154296875,1
0,0,1.2561119487386403,1.2561119487386403,20.86162567138672,2
1,0,1.2524774236913772,1.2524774236913772,20.86162567138672,2
2,0,1.2415989558082263,1.2415989558082263,23.096799850463867,2
3,0,1.2235561850684853,1.2235561850684853,26.82209014892578,2
4,0,1.198495789451586,1.198495789451586,32.03749656677246,2
5,0,1.166650933907636,1.166650933907636,41.72325134277344,2
6,0,1.128365908368662,1.128365908368662,58.11452865600586,2
7,0,1.084123875412064,1.084123875412064,86.4267349243164,2
8,0,1.034574514797511,1.034574514797511,140.07091522216797,2
9,0,0.9805544375502931,0.9805544375502931,244.37904357910156,2
10,0,0.9230881865987866,0.9230881865987866,470.87669372558594,2
11,0,0.8633696472948229,0.8633696472948229,965.5952453613281,2
12,0,0.8027816983354942,0.8027816983354942,2098.08349609375,2
13,9,0.7489311212062697,0.7671997726075899,2145.7672119140625,2
14,11,0.7267351622006185,0.754154525476294,3004.0740966796875,2
15,11,0.7047776815992515,0.7253827391888152,3576.2786865234375,2
16,13,0.6897299343019275,0.7102336313905799,7343.292236328125,2
17,15,0.6734865144283344,0.6892638242065742,6484.9853515625,2
18,16,0.6626262360326545,0.6773356630339334,8296.966552734375,2
19,16,0.6521160601219143,0.6762829039044995,10204.315185546875,2
20,19,0.6439785846853435,0.6699617813833102,10871.88720703125,2
21,19,0.6370147288015122,0.6494268875739203,19073.486328125,2
22,21,0.6281743503617003,0.6436575414219248,12969.970703125,2
23,23,0.6210049058271936,0.6509795231359721,26702.880859375,2
24,22,0.6143764100077628,0.6249898831350166,20790.10009765625,2
25,25,0.6096382835615487,0.6287931458865162,28991.69921875,2
26,23,0.6064646152588585,0.6228695285895267,25177.001953125,2
27,23,0.5994315724047709,0.6171172737114661,28800.96435546875,2
28,24,0.5969592314863523,0.6085204017451312,37765.5029296875,2
29,28,0.5916557450474588,0.6101054496589338,48446.6552734375,2
30,25,0.5876910066439758,0.5994874007215275,38146.97265625,2
0,0,1.2561119487386403,1.2561119487386403,20.86162567138672,3
1,0,1.2524774236913772,1.2524774236913772,20.86162567138672,3
2,0,1.2415989558082263,1.2415989558082263,23.096799850463867,3
3,0,1.2235561850684853,1.2235561850684853,26.82209014892578,3
4,0,1.198495789451586,1.198495789451586,32.03749656677246,3
5,0,1.166650933907636,1.166650933907636,41.72325134277344,3
6,0,1.128365908368662,1.128365908368662,58.11452865600586,3
7,0,1.084123875412064,1.084123875412064,86.4267349243164,3
8,0,1.034574514797511,1.034574514797511,140.07091522216797,3
9,0,0.9805544375502931,0.9805544375502931,244.37904357910156,3
10,0,0.9230881865987866,0.9230881865987866,470.87669372558594,3
11,0,0.8633696472948229,0.8633696472948229,965.5952453613281,3
12,0,0.8027816983354942,0.8027816983354942,2098.08349609375,3
13,9,0.7489311212062697,0.7671997726075899,2217.2927856445312,3
14,11,0.7267351622006185,0.754154525476294,3051.7578125,3
15,11,0.7047776815992515,0.7253827391888152,3457.0693969726562,3
16,13,0.6897299343019275,0.7102336313905799,4959.1064453125,3
17,15,0.6734865144283344,0.6892638242065742,6866.455078125,3
18,16,0.6626262360326545,0.6773356630339334,7629.39453125,3
19,16,0.6521160601219143,0.6762829039044995,11062.6220703125,3
20,19,0.6439785846853435,0.6699617813833102,12397.76611328125,3
21,19,0.6370147288015122,0.6494268875739203,14495.849609375,3
22,21,0.6281743503617003,0.6436575414219248,15068.05419921875,3
23,23,0.6210049058271936,0.6509795231359721,17738.34228515625,3
24,22,0.6143764100077628,0.6249898831350166,22697.44873046875,3
25,25,0.6096382835615487,0.6287931458865162,23460.38818359375,3
26,23,0.6064646152588585,0.6228695285895267,32424.9267578125,3
27,23,0.5994315724047709,0.6171172737114661,35476.6845703125,3
28,24,0.5969592314863523,0.6085204017451312,32043.45703125,3
29,28,0.5916557450474588,0.6101054496589338,38146.97265625,3
30,25,0.5876910066439758,0.5994874007215275,55694.580078125,3
0,0,1.2561119487386403,1.2561119487386403,20.86162567138672,4
1,0,1.2524774236913772,1.2524774236913772,20.86162567138672,4
2,0,1.2415989558082263,1.2415989558082263,23.096799850463867,4
3,0,1.2235561850684853,1.2235561850684853,26.82209014892578,4
4,0,1.198495789451586,1.198495789451586,32.03749656677246,4
5,0,1.166650933907636,1.166650933907636,41.72325134277344,4
6,0,1.128365908368662,1.128365908368662,58.11452865600586,4
7,0,1.084123875412064,1.084123875412064,86.4267349243164,4
8,0,1.034574514797511,1.034574514797511,140.07091522216797,4
9,0,0.9805544375502931,0.9805544375502931,244.37904357910156,4
10,0,0.9230881865987866,0.9230881865987866,470.87669372558594,4
11,0,0.8633696472948229,0.8633696472948229,965.5952453613281,4
12,0,0.8027816983354942,0.8027816983354942,2098.08349609375,4
13,9,0.7489311212062697,0.7671997726075899,2336.5020751953125,4
14,11,0.7267351622006185,0.754154525476294,2861.02294921875,4
15,11,0.7047776815992515,0.7253827391888152,4720.6878662109375,4
16,13,0.6897299343019275,0.7102336313905799,5626.678466796875,4
17,15,0.6734865144283344,0.6892638242065742,7057.18994140625,4
18,16,0.6626262360326545,0.6773356630339334,8869.171142578125,4
19,16,0.6521160601219143,0.6762829039044995,8201.59912109375,4
20,19,0.6439785846853435,0.6699617813833102,10299.6826171875,4
21,19,0.6370147288015122,0.6494268875739203,11825.5615234375,4
22,21,0.6281743503617003,0.6436575414219248,16212.46337890625,4
23,23,0.6210049058271936,0.6509795231359721,22506.7138671875,4
24,22,0.6143764100077628,0.6249898831350166,22697.44873046875,4
25,25,0.6096382835615487,0.6287931458865162,20980.8349609375,4
26,23,0.6064646152588585,0.6228695285895267,28991.69921875,4
27,23,0.5994315724047709,0.6171172737114661,32424.9267578125,4
28,24,0.5969592314863523,0.6085204017451312,28991.69921875,4
29,28,0.5916557450474588,0.6101054496589338,35476.6845703125,4
30,25,0.5876910066439758,0.5994874007215275,55694.580078125,4
0,0,1.2561119487386403,1.2561119487386403,20.86162567138672,5
1,0,1.2524774236913772,1.2524774236913772,20.86162567138672,5
2,0,1.2415989558082263,1.2415989558082263,23.096799850463867,5
3,0,1.2235561850684853,1.2235561850684853,26.82209014892578,5
4,0,1.198495789451586,1.198495789451586,32.03749656677246,5
5,0,1.166650933907636,1.166650933907636,41.72325134277344,5
6,0,1.128365908368662,1.128365908368662,58.11452865600586,5
7,0,1.084123875412064,1.084123875412064,86.4267349243164,5
8,0,1.034574514797511,1.034574514797511,140.07091522216797,5
9,0,0.9805544375502931,0.9805544375502931,244.37904357910156,5
10,0,0.9230881865987866,0.9230881865987866,470.87669372558594,5
11,0,0.8633696472948229,0.8633696472948229,965.5952453613281,5
12,0,0.8027816983354942,0.8027816983354942,2098.08349609375,5
13,9,0.7489311212062697,0.7671997726075899,2288.818359375,5
14,11,0.7267351622006185,0.754154525476294,2861.02294921875,5
15,11,0.7047776815992515,0.7253827391888152,4863.739013671875,5
16,13,0.6897299343019275,0.7102336313905799,5388.2598876953125,5
17,15,0.6734865144283344,0.6892638242065742,6294.25048828125,5
18,16,0.6626262360326545,0.6773356630339334,8487.701416015625,5
19,16,0.6521160601219143,0.6762829039044995,8392.333984375,5
20,19,0.6439785846853435,0.6699617813833102,10108.94775390625,5
21,19,0.6370147288015122,0.6494268875739203,14877.3193359375,5
22,21,0.6281743503617003,0.6436575414219248,15640.2587890625,5
23,23,0.6210049058271936,0.6509795231359721,20217.8955078125,5
24,22,0.6143764100077628,0.6249898831350166,18119.81201171875,5
25,25,0.6096382835615487,0.6287931458865162,25939.94140625,5
26,23,0.6064646152588585,0.6228695285895267,32806.396484375,5
27,23,0.5994315724047709,0.6171172737114661,30136.1083984375,5
28,24,0.5969592314863523,0.6085204017451312,33569.3359375,5
29,28,0.5916557450474588,0.6101054496589338,45776.3671875,5
30,25,0.5876910066439758,0.5994874007215275,46539.306640625,5
0,0,1.2561119487386403,1.2561119487386403,20.86162567138672,6
1,0,1.2524774236913772,1.2524774236913772,20.86162567138672,6
2,0,1.2415989558082263,1.2415989558082263,23.096799850463867,6
3,0,1.2235561850684853,1.2235561850684853,26.82209014892578,6
4,0,1.198495789451586,1.198495789451586,32.03749656677246,6
5,0,1.166650933907636,1.166650933907636,41.72325134277344,6
6,0,1.128365908368662,1.128365908368662,58.11452865600586,6
7,0,1.084123875412064,1.084123875412064,86.4267349243164,6
8,0,1.034574514797511,1.034574514797511,140.07091522216797,6
9,0,0.9805544375502931,0.9805544375502931,244.37904357910156,6
10,0,0.9230881865987866,0.9230881865987866,470.87669372558594,6
11,0,0.8633696472948229,0.8633696472948229,965.5952453613281,6
12,0,0.8027816983354942,0.8027816983354942,2098.08349609375,6
13,9,0.7489311212062697,0.7671997726075899,2026.5579223632812,6
14,11,0.7267351622006185,0.754154525476294,3099.4415283203125,6
15,11,0.7047776815992515,0.7253827391888152,4291.534423828125,6
16,13,0.6897299343019275,0.7102336313905799,5960.4644775390625,6
17,15,0.6734865144283344,0.6892638242065742,7200.2410888671875,6
18,16,0.6626262360326545,0.6773356630339334,8583.06884765625,6
19,16,0.6521160601219143,0.6762829039044995,10108.94775390625,6
20,19,0.6439785846853435,0.6699617813833102,12874.603271484375,6
21,19,0.6370147288015122,0.6494268875739203,14114.3798828125,6
22,21,0.6281743503617003,0.6436575414219248,17356.87255859375,6
23,23,0.6210049058271936,0.6509795231359721,21171.56982421875,6
24,22,0.6143764100077628,0.6249898831350166,25177.001953125,6
25,25,0.6096382835615487,0.6287931458865162,27847.2900390625,6
26,23,0.6064646152588585,0.6228695285895267,27275.08544921875,6
27,23,0.5994315724047709,0.6171172737114661,30899.0478515625,6
28,24,0.5969592314863523,0.6085204017451312,33950.8056640625,6
29,28,0.5916557450474588,0.6101054496589338,47302.24609375,6
30,25,0.5876910066439758,0.5994874007215275,38146.97265625,6
0,0,1.2561119487386403,1.2561119487386403,20.86162567138672,7
1,0,1.2524774236913772,1.2524774236913772,20.86162567138672,7
2,0,1.2415989558082263,1.2415989558082263,23.096799850463867,7
3,0,1.2235561850684853,1.2235561850684853,26.82209014892578,7
4,0,1.198495789451586,1.198495789451586,32.03749656677246,7
5,0,1.166650933907636,1.166650933907636,41.72325134277344,7
6,0,1.128365908368662,1.128365908368662,58.11452865600586,7
7,0,1.084123875412064,1.084123875412064,86.4267349243164,7
8,0,1.034574514797511,1.034574514797511,140.07091522216797,7
9,0,0.9805544375502931,0.9805544375502931,244.37904357910156,7
10,0,0.9230881865987866,0.9230881865987866,470.87669372558594,7
11,0,0.8633696472948229,0.8633696472948229,965.5952453613281,7
12,0,0.8027816983354942,0.8027816983354942,2098.08349609375,7
13,9,0.7489311212062697,0.7671997726075899,2121.9253540039062,7
14,11,0.7267351622006185,0.754154525476294,3004.0740966796875,7
15,11,0.7047776815992515,0.7253827391888152,4911.4227294921875,7
16,13,0.6897299343019275,0.7102336313905799,5626.678466796875,7
17,15,0.6734865144283344,0.6892638242065742,5626.678466796875,7
18,16,0.6626262360326545,0.6773356630339334,8964.53857421875,7
19,16,0.6521160601219143,0.6762829039044995,9727.47802734375,7
20,19,0.6439785846853435,0.6699617813833102,11730.194091796875,7
21,19,0.6370147288015122,0.6494268875739203,13542.17529296875,7
22,21,0.6281743503617003,0.6436575414219248,17738.34228515625,7
23,23,0.6210049058271936,0.6509795231359721,17356.87255859375,7
24,22,0.6143764100077628,0.6249898831350166,19645.69091796875,7
25,25,0.6096382835615487,0.6287931458865162,24032.5927734375,7
26,23,0.6064646152588585,0.6228695285895267,30136.1083984375,7
27,23,0.5994315724047709,0.6171172737114661,42343.1396484375,7
28,24,0.5969592314863523,0.6085204017451312,43106.0791015625,7
29,28,0.5916557450474588,0.6101054496589338,34713.7451171875,7
30,25,0.5876910066439758,0.5994874007215275,54931.640625,7
0,0,1.2561119487386403,1.2561119487386403,20.86162567138672,8
1,0,1.2524774236913772,1.2524774236913772,20.86162567138672,8
2,0,1.2415989558082263,1.2415989558082263,23.096799850463867,8
3,0,1.2235561850684853,1.2235561850684853,26.82209014892578,8
4,0,1.198495789451586,1.198495789451586,32.03749656677246,8
5,0,1.166650933907636,1.166650933907636,41.72325134277344,8
6,0,1.128365908368662,1.128365908368662,58.11452865600586,8
7,0,1.084123875412064,1.084123875412064,86.4267349243164,8
8,0,1.034574514797511,1.034574514797511,140.07091522216797,8
9,0,0.9805544375502931,0.9805544375502931,244.37904357910156,8
10,0,0.9230881865987866,0.9230881865987866,470.87669372558594,8
11,0,0.8633696472948229,0.8633696472948229,965.5952453613281,8
12,0,0.8027816983354942,0.8027816983354942,2098.08349609375,8
13,9,0.7489311212062697,0.7671997726075899,2574.920654296875,8
14,11,0.7267351622006185,0.754154525476294,2765.655517578125,8
15,11,0.7047776815992515,0.7253827391888152,3671.6461181640625,8
16,13,0.6897299343019275,0.7102336313905799,4911.4227294921875,8
17,15,0.6734865144283344,0.6892638242065742,6675.72021484375,8
18,16,0.6626262360326545,0.6773356630339334,8296.966552734375,8
19,16,0.6521160601219143,0.6762829039044995,8392.333984375,8
20,19,0.6439785846853435,0.6699617813833102,13065.338134765625,8
21,19,0.6370147288015122,0.6494268875739203,14591.217041015625,8
22,21,0.6281743503617003,0.6436575414219248,16975.40283203125,8
23,23,0.6210049058271936,0.6509795231359721,16403.1982421875,8
24,22,0.6143764100077628,0.6249898831350166,21553.03955078125,8
25,25,0.6096382835615487,0.6287931458865162,26702.880859375,8
26,23,0.6064646152588585,0.6228695285895267,32424.9267578125,8
27,23,0.5994315724047709,0.6171172737114661,33187.8662109375,8
28,24,0.5969592314863523,0.6085204017451312,48065.185546875,8
29,28,0.5916557450474588,0.6101054496589338,42724.609375,8
30,25,0.5876910066439758,0.5994874007215275,40817.2607421875,8
0,0,1.2561119487386403,1.2561119487386403,20.86162567138672,9
1,0,1.2524774236913772,1.2524774236913772,20.86162567138672,9
2,0,1.2415989558082263,1.2415989558082263,23.096799850463867,9
3,0,1.2235561850684853,1.2235561850684853,26.82209014892578,9
4,0,1.198495789451586,1.198495789451586,32.03749656677246,9
5,0,1.166650933907636,1.166650933907636,41.72325134277344,9
6,0,1.128365908368662,1.128365908368662,58.11452865600586,9
7,0,1.084123875412064,1.084123875412064,86.4267349243164,9
8,0,1.034574514797511,1.034574514797511,140.07091522216797,9
9,0,0.9805544375502931,0.9805544375502931,244.37904357910156,9
10,0,0.9230881865987866,0.9230881865987866,470.87669372558594,9
11,0,0.8633696472948229,0.8633696472948229,965.5952453613281,9
12,0,0.8027816983354942,0.8027816983354942,2098.08349609375,9
13,9,0.7489311212062697,0.7671997726075899,2455.7113647460938,9
14,11,0.7267351622006185,0.754154525476294,2956.390380859375,9
15,11,0.7047776815992515,0.7253827391888152,4291.534423828125,9
16,13,0.6897299343019275,0.7102336313905799,5531.31103515625,9
17,15,0.6734865144283344,0.6892638242065742,7152.557373046875,9
18,16,0.6626262360326545,0.6773356630339334,7772.4456787109375,9
19,16,0.6521160601219143,0.6762829039044995,8773.8037109375,9
20,19,0.6439785846853435,0.6699617813833102,10681.15234375,9
21,19,0.6370147288015122,0.6494268875739203,15449.52392578125,9
22,21,0.6281743503617003,0.6436575414219248,18310.546875,9
23,23,0.6210049058271936,0.6509795231359721,17356.87255859375,9
24,22,0.6143764100077628,0.6249898831350166,28610.2294921875,9
25,25,0.6096382835615487,0.6287931458865162,26130.67626953125,9
26,23,0.6064646152588585,0.6228695285895267,23460.38818359375,9
27,23,0.5994315724047709,0.6171172737114661,30899.0478515625,9
28,24,0.5969592314863523,0.6085204017451312,51116.943359375,9
29,28,0.5916557450474588,0.6101054496589338,28991.69921875,9
30,25,0.5876910066439758,0.5994874007215275,48446.6552734375,9
0,0,1.2561119487386403,1.2561119487386403,20.86162567138672,10
1,0,1.2524774236913772,1.2524774236913772,20.86162567138672,10
2,0,1.2415989558082263,1.2415989558082263,23.096799850463867,10
3,0,1.2235561850684853,1.2235561850684853,26.82209014892578,10
4,0,1.198495789451586,1.198495789451586,32.03749656677246,10
5,0,1.166650933907636,1.166650933907636,41.72325134277344,10
6,0,1.128365908368662,1.128365908368662,58.11452865600586,10
7,0,1.084123875412064,1.084123875412064,86.4267349243164,10
8,0,1.034574514797511,1.034574514797511,140.07091522216797,10
9,0,0.9805544375502931,0.9805544375502931,244.37904357910156,10
10,0,0.9230881865987866,0.9230881865987866,470.87669372558594,10
11,0,0.8633696472948229,0.8633696472948229,965.5952453613281,10
12,0,0.8027816983354942,0.8027816983354942,2098.08349609375,10
13,9,0.7489311212062697,0.7671997726075899,2288.818359375,10
14,11,0.7267351622006185,0.754154525476294,2861.02294921875,10
15,11,0.7047776815992515,0.7253827391888152,4243.8507080078125,10
16,13,0.6897299343019275,0.7102336313905799,5483.6273193359375,10
17,15,0.6734865144283344,0.6892638242065742,6103.515625,10
18,16,0.6626262360326545,0.6773356630339334,7629.39453125,10
19,16,0.6521160601219143,0.6762829039044995,9346.00830078125,10
20,19,0.6439785846853435,0.6699617813833102,11730.194091796875,10
21,19,0.6370147288015122,0.6494268875739203,13923.64501953125,10
22,21,0.6281743503617003,0.6436575414219248,20217.8955078125,10
23,23,0.6210049058271936,0.6509795231359721,17166.1376953125,10
24,22,0.6143764100077628,0.6249898831350166,18692.0166015625,10
25,25,0.6096382835615487,0.6287931458865162,24604.79736328125,10
26,23,0.6064646152588585,0.6228695285895267,26512.14599609375,10
27,23,0.5994315724047709,0.6171172737114661,29754.638671875,10
28,24,0.5969592314863523,0.6085204017451312,40054.3212890625,10
29,28,0.5916557450474588,0.6101054496589338,27465.8203125,10
30,25,0.5876910066439758,0.5994874007215275,54168.701171875,10
0,0,1.2561119487386403,1.2561119487386403,20.86162567138672,11
1,0,1.2524774236913772,1.2524774236913772,20.86162567138672,11
2,0,1.2415989558082263,1.2415989558082263,23.096799850463867,11
3,0,1.2235561850684853,1.2235561850684853,26.82209014892578,11
4,0,1.198495789451586,1.198495789451586,32.03749656677246,11
5,0,1.166650933907636,1.166650933907636,41.72325134277344,11
6,0,1.128365908368662,1.128365908368662,58.11452865600586,11
7,0,1.084123875412064,1.084123875412064,86.4267349243164,11
8,0,1.034574514797511,1.034574514797511,140.07091522216797,11
9,0,0.9805544375502931,0.9805544375502931,244.37904357910156,11
10,0,0.9230881865987866,0.9230881865987866,470.87669372558594,11
11,0,0.8633696472948229,0.8633696472948229,965.5952453613281,11
12,0,0.8027816983354942,0.8027816983354942,2098.08349609375,11
13,9,0.7489311212062697,0.7671997726075899,2503.3950805664062,11
14,11,0.7267351622006185,0.754154525476294,3051.7578125,11
15,11,0.7047776815992515,0.7253827391888152,3433.2275390625,11
16,13,0.6897299343019275,0.7102336313905799,6818.7713623046875,11
17,15,0.6734865144283344,0.6892638242065742,7152.557373046875,11
18,16,0.6626262360326545,0.6773356630339334,7057.18994140625,11
19,16,0.6521160601219143,0.6762829039044995,7915.496826171875,11
20,19,0.6439785846853435,0.6699617813833102,9632.110595703125,11
21,19,0.6370147288015122,0.6494268875739203,11444.091796875,11
22,21,0.6281743503617003,0.6436575414219248,13351.4404296875,11
23,23,0.6210049058271936,0.6509795231359721,22697.44873046875,11
24,22,0.6143764100077628,0.6249898831350166,20790.10009765625,11
25,25,0.6096382835615487,0.6287931458865162,22697.44873046875,11
26,23,0.6064646152588585,0.6228695285895267,21362.3046875,11
27,23,0.5994315724047709,0.6171172737114661,34713.7451171875,11
28,24,0.5969592314863523,0.6085204017451312,37002.5634765625,11
29,28,0.5916557450474588,0.6101054496589338,34904.47998046875,11
30,25,0.5876910066439758,0.5994874007215275,52261.3525390625,11
0,0,1.2561119487386403,1.2561119487386403,20.86162567138672,12
1,0,1.2524774236913772,1.2524774236913772,20.86162567138672,12
2,0,1.2415989558082263,1.2415989558082263,23.096799850463867,12
3,0,1.2235561850684853,1.2235561850684853,26.82209014892578,12
4,0,1.198495789451586,1.198495789451586,32.03749656677246,12
5,0,1.166650933907636,1.166650933907636,41.72325134277344,12
6,0,1.128365908368662,1.128365908368662,58.11452865600586,12
7,0,1.084123875412064,1.084123875412064,86.4267349243164,12
8,0,1.034574514797511,1.034574514797511,140.07091522216797,12
9,0,0.9805544375502931,0.9805544375502931,244.37904357910156,12
10,0,0.9230881865987866,0.9230881865987866,470.87669372558594,12
11,0,0.8633696472948229,0.8633696472948229,965.5952453613281,12
12,0,0.8027816983354942,0.8027816983354942,2098.08349609375,12
13,9,0.7489311212062697,0.7671997726075899,2145.7672119140625,12
14,11,0.7267351622006185,0.754154525476294,3194.8089599609375,12
15,11,0.7047776815992515,0.7253827391888152,3814.697265625,12
16,13,0.6897299343019275,0.7102336313905799,6484.9853515625,12
17,15,0.6734865144283344,0.6892638242065742,7247.9248046875,12
18,16,0.6626262360326545,0.6773356630339334,7629.39453125,12
19,16,0.6521160601219143,0.6762829039044995,10395.050048828125,12
20,19,0.6439785846853435,0.6699617813833102,10681.15234375,12
21,19,0.6370147288015122,0.6494268875739203,14495.849609375,12
22,21,0.6281743503617003,0.6436575414219248,17166.1376953125,12
23,23,0.6210049058271936,0.6509795231359721,17929.0771484375,12
24,22,0.6143764100077628,0.6249898831350166,19264.22119140625,12
25,25,0.6096382835615487,0.6287931458865162,28610.2294921875,12
26,23,0.6064646152588585,0.6228695285895267,29754.638671875,12
27,23,0.5994315724047709,0.6171172737114661,33187.8662109375,12
28,24,0.5969592314863523,0.6085204017451312,46539.306640625,12
29,28,0.5916557450474588,0.6101054496589338,47302.24609375,12
30,25,0.5876910066439758,0.5994874007215275,59127.8076171875,12
0,0,1.2561119487386403,1.2561119487386403,20.86162567138672,13
1,0,1.2524774236913772,1.2524774236913772,20.86162567138672,13
2,0,1.2415989558082263,1.2415989558082263,23.096799850463867,13
3,0,1.2235561850684853,1.2235561850684853,26.82209014892578,13
4,0,1.198495789451586,1.198495789451586,32.03749656677246,13
5,0,1.166650933907636,1.166650933907636,41.72325134277344,13
6,0,1.128365908368662,1.128365908368662,58.11452865600586,13
7,0,1.084123875412064,1.084123875412064,86.4267349243164,13
8,0,1.034574514797511,1.034574514797511,140.07091522216797,13
9,0,0.9805544375502931,0.9805544375502931,244.37904357910156,13
10,0,0.9230881865987866,0.9230881865987866,470.87669372558594,13
11,0,0.8633696472948229,0.8633696472948229,965.5952453613281,13
12,0,0.8027816983354942,0.8027816983354942,2098.08349609375,13
13,9,0.7489311212062697,0.7671997726075899,2121.9253540039062,13
14,11,0.7267351622006185,0.754154525476294,3719.329833984375,13
15,11,0.7047776815992515,0.7253827391888152,4243.8507080078125,13
16,13,0.6897299343019275,0.7102336313905799,4673.004150390625,13
17,15,0.6734865144283344,0.6892638242065742,8392.333984375,13
18,16,0.6626262360326545,0.6773356630339334,10585.784912109375,13
19,16,0.6521160601219143,0.6762829039044995,9250.640869140625,13
20,19,0.6439785846853435,0.6699617813833102,10204.315185546875,13
21,19,0.6370147288015122,0.6494268875739203,14686.58447265625,13
22,21,0.6281743503617003,0.6436575414219248,16593.93310546875,13
23,23,0.6210049058271936,0.6509795231359721,17547.607421875,13
24,22,0.6143764100077628,0.6249898831350166,20980.8349609375,13
25,25,0.6096382835615487,0.6287931458865162,28228.759765625,13
26,23,0.6064646152588585,0.6228695285895267,27465.8203125,13
27,23,0.5994315724047709,0.6171172737114661,26893.61572265625,13
28,24,0.5969592314863523,0.6085204017451312,37384.033203125,13
29,28,0.5916557450474588,0.6101054496589338,45776.3671875,13
30,25,0.5876910066439758,0.5994874007215275,39291.3818359375,13
0,0,1.2561119487386403,1.2561119487386403,20.86162567138672,14
1,0,1.2524774236913772,1.2524774236913772,20.86162567138672,14
2,0,1.2415989558082263,1.2415989558082263,23.096799850463867,14
3,0,1.2235561850684853,1.2235561850684853,26.82209014892578,14
4,0,1.198495789451586,1.198495789451586,32.03749656677246,14
5,0,1.166650933907636,1.166650933907636,41.72325134277344,14
6,0,1.128365908368662,1.128365908368662,58.11452865600586,14
7,0,1.084123875412064,1.084123875412064,86.4267349243164,14
8,0,1.034574514797511,1.034574514797511,140.07091522216797,14
9,0,0.9805544375502931,0.9805544375502931,244.37904357910156,14
10,0,0.9230881865987866,0.9230881865987866,470.87669372558594,14
11,0,0.8633696472948229,0.8633696472948229,965.5952453613281,14
12,0,0.8027816983354942,0.8027816983354942,2098.08349609375,14
13,9,0.7489311212062697,0.7671997726075899,2121.9253540039062,14
14,11,0.7267351622006185,0.754154525476294,3623.96240234375,14
15,11,0.7047776815992515,0.7253827391888152,4339.2181396484375,14
16,13,0.6897299343019275,0.7102336313905799,5340.576171875,14
17,15,0.6734865144283344,0.6892638242065742,7057.18994140625,14
18,16,0.6626262360326545,0.6773356630339334,6437.3016357421875,14
19,16,0.6521160601219143,0.6762829039044995,9632.110595703125,14
20,19,0.6439785846853435,0.6699617813833102,10108.94775390625,14
21,19,0.6370147288015122,0.6494268875739203,14114.3798828125,14
22,21,0.6281743503617003,0.6436575414219248,14495.849609375,14
23,23,0.6210049058271936,0.6509795231359721,22125.244140625,14
24,22,0.6143764100077628,0.6249898831350166,27465.8203125,14
25,25,0.6096382835615487,0.6287931458865162,28038.02490234375,14
26,23,0.6064646152588585,0.6228695285895267,30136.1083984375,14
27,23,0.5994315724047709,0.6171172737114661,39291.3818359375,14
28,24,0.5969592314863523,0.6085204017451312,38146.97265625,14
29,28,0.5916557450474588,0.6101054496589338,37002.5634765625,14
30,25,0.5876910066439758,0.5994874007215275,51879.8828125,14
0,0,1.2561119487386403,1.2561119487386403,20.86162567138672,15
1,0,1.2524774236913772,1.2524774236913772,20.86162567138672,15
2,0,1.2415989558082263,1.2415989558082263,23.096799850463867,15
3,0,1.2235561850684853,1.2235561850684853,26.82209014892578,15
4,0,1.198495789451586,1.198495789451586,32.03749656677246,15
5,0,1.166650933907636,1.166650933907636,41.72325134277344,15
6,0,1.128365908368662,1.128365908368662,58.11452865600586,15
7,0,1.084123875412064,1.084123875412064,86.4267349243164,15
8,0,1.034574514797511,1.034574514797511,140.07091522216797,15
9,0,0.9805544375502931,0.9805544375502931,244.37904357910156,15
10,0,0.9230881865987866,0.9230881865987866,470.87669372558594,15
11,0,0.8633696472948229,0.8633696472948229,965.5952453613281,15
12,0,0.8027816983354942,0.8027816983354942,2098.08349609375,15
13,9,0.7489311212062697,0.7671997726075899,2431.8695068359375,15
14,11,0.7267351622006185,0.754154525476294,2646.4462280273438,15
15,11,0.7047776815992515,0.7253827391888152,4673.004150390625,15
16,13,0.6897299343019275,0.7102336313905799,4911.4227294921875,15
17,15,0.6734865144283344,0.6892638242065742,6628.0364990234375,15
18,16,0.6626262360326545,0.6773356630339334,7534.027099609375,15
19,16,0.6521160601219143,0.6762829039044995,8201.59912109375,15
20,19,0.6439785846853435,0.6699617813833102,9727.47802734375,15
21,19,0.6370147288015122,0.6494268875739203,19264.22119140625,15
22,21,0.6281743503617003,0.6436575414219248,14400.482177734375,15
23,23,0.6210049058271936,0.6509795231359721,23841.85791015625,15
24,22,0.6143764100077628,0.6249898831350166,22315.97900390625,15
25,25,0.6096382835615487,0.6287931458865162,28991.69921875,15
26,23,0.6064646152588585,0.6228695285895267,28991.69921875,15
27,23,0.5994315724047709,0.6171172737114661,29563.90380859375,15
28,24,0.5969592314863523,0.6085204017451312,34713.7451171875,15
29,28,0.5916557450474588,0.6101054496589338,33569.3359375,15
30,25,0.5876910066439758,0.5994874007215275,41961.669921875,15
0,0,1.2561119487386403,1.2561119487386403,20.86162567138672,16
1,0,1.2524774236913772,1.2524774236913772,20.86162567138672,16
2,0,1.2415989558082263,1.2415989558082263,23.096799850463867,16
3,0,1.2235561850684853,1.2235561850684853,26.82209014892578,16
4,0,1.198495789451586,1.198495789451586,32.03749656677246,16
5,0,1.166650933907636,1.166650933907636,41.72325134277344,16
6,0,1.128365908368662,1.128365908368662,58.11452865600586,16
7,0,1.084123875412064,1.084123875412064,86.4267349243164,16
8,0,1.034574514797511,1.034574514797511,140.07091522216797,16
9,0,0.9805544375502931,0.9805544375502931,244.37904357910156,16
10,0,0.9230881865987866,0.9230881865987866,470.87669372558594,16
11,0,0.8633696472948229,0.8633696472948229,965.5952453613281,16
12,0,0.8027816983354942,0.8027816983354942,2098.08349609375,16
13,9,0.7489311212062697,0.7671997726075899,2336.5020751953125,16
14,11,0.7267351622006185,0.754154525476294,2908.7066650390625,16
15,11,0.7047776815992515,0.7253827391888152,4100.799560546875,16
16,13,0.6897299343019275,0.7102336313905799,5817.413330078125,16
17,15,0.6734865144283344,0.6892638242065742,7343.292236328125,16
18,16,0.6626262360326545,0.6773356630339334,8296.966552734375,16
19,16,0.6521160601219143,0.6762829039044995,9727.47802734375,16
20,19,0.6439785846853435,0.6699617813833102,12683.868408203125,16
21,19,0.6370147288015122,0.6494268875739203,13732.91015625,16
22,21,0.6281743503617003,0.6436575414219248,17929.0771484375,16
23,23,0.6210049058271936,0.6509795231359721,26702.880859375,16
24,22,0.6143764100077628,0.6249898831350166,17738.34228515625,16
25,25,0.6096382835615487,0.6287931458865162,28419.49462890625,16
26,23,0.6064646152588585,0.6228695285895267,28610.2294921875,16
27,23,0.5994315724047709,0.6171172737114661,30517.578125,16
28,24,0.5969592314863523,0.6085204017451312,32043.45703125,16
29,28,0.5916557450474588,0.6101054496589338,44631.9580078125,16
30,25,0.5876910066439758,0.5994874007215275,49972.5341796875,16
0,0,1.2561119487386403,1.2561119487386403,20.86162567138672,17
1,0,1.2524774236913772,1.2524774236913772,20.86162567138672,17
2,0,1.2415989558082263,1.2415989558082263,23.096799850463867,17
3,0,1.2235561850684853,1.2235561850684853,26.82209014892578,17
4,0,1.198495789451586,1.198495789451586,32.03749656677246,17
5,0,1.166650933907636,1.166650933907636,41.72325134277344,17
6,0,1.128365908368662,1.128365908368662,58.11452865600586,17
7,0,1.084123875412064,1.084123875412064,86.4267349243164,17
8,0,1.034574514797511,1.034574514797511,140.07091522216797,17
9,0,0.9805544375502931,0.9805544375502931,244.37904357910156,17
10,0,0.9230881865987866,0.9230881865987866,470.87669372558594,17
11,0,0.8633696472948229,0.8633696472948229,965.5952453613281,17
12,0,0.8027816983354942,0.8027816983354942,2098.08349609375,17
13,9,0.7489311212062697,0.7671997726075899,2622.6043701171875,17
14,11,0.7267351622006185,0.754154525476294,2980.2322387695312,17
15,11,0.7047776815992515,0.7253827391888152,3695.4879760742188,17
16,13,0.6897299343019275,0.7102336313905799,5483.6273193359375,17
17,15,0.6734865144283344,0.6892638242065742,6246.5667724609375,17
18,16,0.6626262360326545,0.6773356630339334,6771.087646484375,17
19,16,0.6521160601219143,0.6762829039044995,9059.906005859375,17
20,19,0.6439785846853435,0.6699617813833102,12016.29638671875,17
21,19,0.6370147288015122,0.6494268875739203,11253.35693359375,17
22,21,0.6281743503617003,0.6436575414219248,15640.2587890625,17
23,23,0.6210049058271936,0.6509795231359721,18501.28173828125,17
24,22,0.6143764100077628,0.6249898831350166,19454.9560546875,17
25,25,0.6096382835615487,0.6287931458865162,23651.123046875,17
26,23,0.6064646152588585,0.6228695285895267,28419.49462890625,17
27,23,0.5994315724047709,0.6171172737114661,28800.96435546875,17
28,24,0.5969592314863523,0.6085204017451312,44250.48828125,17
29,28,0.5916557450474588,0.6101054496589338,48065.185546875,17
30,25,0.5876910066439758,0.5994874007215275,59509.27734375,17
0,0,1.2561119487386403,1.2561119487386403,20.86162567138672,18
1,0,1.2524774236913772,1.2524774236913772,20.86162567138672,18
2,0,1.2415989558082263,1.2415989558082263,23.096799850463867,18
3,0,1.2235561850684853,1.2235561850684853,26.82209014892578,18
4,0,1.198495789451586,1.198495789451586,32.03749656677246,18
5,0,1.166650933907636,1.166650933907636,41.72325134277344,18
6,0,1.128365908368662,1.128365908368662,58.11452865600586,18
7,0,1.084123875412064,1.084123875412064,86.4267349243164,18
8,0,1.034574514797511,1.034574514797511,140.07091522216797,18
9,0,0.9805544375502931,0.9805544375502931,244.37904357910156,18
10,0,0.9230881865987866,0.9230881865987866,470.87669372558594,18
11,0,0.8633696472948229,0.8633696472948229,965.5952453613281,18
12,0,0.8027816983354942,0.8027816983354942,2098.08349609375,18
13,9,0.7489311212062697,0.7671997726075899,2384.185791015625,18
14,11,0.7267351622006185,0.754154525476294,2908.7066650390625,18
15,11,0.7047776815992515,0.7253827391888152,3886.2228393554688,18
16,13,0.6897299343019275,0.7102336313905799,5674.3621826171875,18
17,15,0.6734865144283344,0.6892638242065742,7057.18994140625,18
18,16,0.6626262360326545,0.6773356630339334,8678.436279296875,18
19,16,0.6521160601219143,0.6762829039044995,9632.110595703125,18
20,19,0.6439785846853435,0.6699617813833102,12779.23583984375,18
21,19,0.6370147288015122,0.6494268875739203,16593.93310546875,18
22,21,0.6281743503617003,0.6436575414219248,13732.91015625,18
23,23,0.6210049058271936,0.6509795231359721,15640.2587890625,18
24,22,0.6143764100077628,0.6249898831350166,25939.94140625,18
25,25,0.6096382835615487,0.6287931458865162,24032.5927734375,18
26,23,0.6064646152588585,0.6228695285895267,26321.4111328125,18
27,23,0.5994315724047709,0.6171172737114661,25558.4716796875,18
28,24,0.5969592314863523,0.6085204017451312,38146.97265625,18
29,28,0.5916557450474588,0.6101054496589338,43487.548828125,18
30,25,0.5876910066439758,0.5994874007215275,41580.2001953125,18
0,0,1.2561119487386403,1.2561119487386403,20.86162567138672,19
1,0,1.2524774236913772,1.2524774236913772,20.86162567138672,19
2,0,1.2415989558082263,1.2415989558082263,23.096799850463867,19
3,0,1.2235561850684853,1.2235561850684853,26.82209014892578,19
4,0,1.198495789451586,1.198495789451586,32.03749656677246,19
5,0,1.166650933907636,1.166650933907636,41.72325134277344,19
6,0,1.128365908368662,1.128365908368662,58.11452865600586,19
7,0,1.084123875412064,1.084123875412064,86.4267349243164,19
8,0,1.034574514797511,1.034574514797511,140.07091522216797,19
9,0,0.9805544375502931,0.9805544375502931,244.37904357910156,19
10,0,0.9230881865987866,0.9230881865987866,470.87669372558594,19
11,0,0.8633696472948229,0.8633696472948229,965.5952453613281,19
12,0,0.8027816983354942,0.8027816983354942,2098.08349609375,19
13,9,0.7489311212062697,0.7671997726075899,2217.2927856445312,19
14,11,0.7267351622006185,0.754154525476294,2908.7066650390625,19
15,11,0.7047776815992515,0.7253827391888152,4243.8507080078125,19
16,13,0.6897299343019275,0.7102336313905799,4625.3204345703125,19
17,15,0.6734865144283344,0.6892638242065742,8010.8642578125,19
18,16,0.6626262360326545,0.6773356630339334,8964.53857421875,19
19,16,0.6521160601219143,0.6762829039044995,10395.050048828125,19
20,19,0.6439785846853435,0.6699617813833102,10013.580322265625,19
21,19,0.6370147288015122,0.6494268875739203,12779.23583984375,19
22,21,0.6281743503617003,0.6436575414219248,18310.546875,19
23,23,0.6210049058271936,0.6509795231359721,19454.9560546875,19
24,22,0.6143764100077628,0.6249898831350166,19836.42578125,19
25,25,0.6096382835615487,0.6287931458865162,19454.9560546875,19
26,23,0.6064646152588585,0.6228695285895267,24795.5322265625,19
27,23,0.5994315724047709,0.6171172737114661,32424.9267578125,19
28,24,0.5969592314863523,0.6085204017451312,34332.275390625,19
29,28,0.5916557450474588,0.6101054496589338,34713.7451171875,19
30,25,0.5876910066439758,0.5994874007215275,44631.9580078125,19
0,0,1.2561119487386403,1.2561119487386403,20.86162567138672,20
1,0,1.2524774236913772,1.2524774236913772,20.86162567138672,20
2,0,1.2415989558082263,1.2415989558082263,23.096799850463867,20
3,0,1.2235561850684853,1.2235561850684853,26.82209014892578,20
4,0,1.198495789451586,1.198495789451586,32.03749656677246,20
5,0,1.166650933907636,1.166650933907636,41.72325134277344,20
6,0,1.128365908368662,1.128365908368662,58.11452865600586,20
7,0,1.084123875412064,1.084123875412064,86.4267349243164,20
8,0,1.034574514797511,1.034574514797511,140.07091522216797,20
9,0,0.9805544375502931,0.9805544375502931,244.37904357910156,20
10,0,0.9230881865987866,0.9230881865987866,470.87669372558594,20
11,0,0.8633696472948229,0.8633696472948229,965.5952453613281,20
12,0,0.8027816983354942,0.8027816983354942,2098.08349609375,20
13,9,0.7489311212062697,0.7671997726075899,2574.920654296875,20
14,11,0.7267351622006185,0.754154525476294,3075.5996704101562,20
15,11,0.7047776815992515,0.7253827391888152,3719.329833984375,20
16,13,0.6897299343019275,0.7102336313905799,5435.943603515625,20
17,15,0.6734865144283344,0.6892638242065742,5292.8924560546875,20
18,16,0.6626262360326545,0.6773356630339334,10967.254638671875,20
19,16,0.6521160601219143,0.6762829039044995,8678.436279296875,20
20,19,0.6439785846853435,0.6699617813833102,11444.091796875,20
21,19,0.6370147288015122,0.6494268875739203,16593.93310546875,20
22,21,0.6281743503617003,0.6436575414219248,16212.46337890625,20
23,23,0.6210049058271936,0.6509795231359721,18882.75146484375,20
24,22,0.6143764100077628,0.6249898831350166,23078.91845703125,20
25,25,0.6096382835615487,0.6287931458865162,24032.5927734375,20
26,23,0.6064646152588585,0.6228695285895267,30899.0478515625,20
27,23,0.5994315724047709,0.6171172737114661,25558.4716796875,20
28,24,0.5969592314863523,0.6085204017451312,40435.791015625,20
29,28,0.5916557450474588,0.6101054496589338,38528.4423828125,20
30,25,0.5876910066439758,0.5994874007215275,51116.943359375,20
0,0,1.2561119487386403,1.2561119487386403,20.86162567138672,21
1,0,1.2524774236913772,1.2524774236913772,20.86162567138672,21
2,0,1.2415989558082263,1.2415989558082263,23.096799850463867,21
3,0,1.2235561850684853,1.2235561850684853,26.82209014892578,21
4,0,1.198495789451586,1.198495789451586,32.03749656677246,21
5,0,1.166650933907636,1.166650933907636,41.72325134277344,21
6,0,1.128365908368662,1.128365908368662,58.11452865600586,21
7,0,1.084123875412064,1.084123875412064,86.4267349243164,21
8,0,1.034574514797511,1.034574514797511,140.07091522216797,21
9,0,0.9805544375502931,0.9805544375502931,244.37904357910156,21
10,0,0.9230881865987866,0.9230881865987866,470.87669372558594,21
11,0,0.8633696472948229,0.8633696472948229,965.5952453613281,21
12,0,0.8027816983354942,0.8027816983354942,2098.08349609375,21
13,9,0.7489311212062697,0.7671997726075899,2527.2369384765625,21
14,11,0.7267351622006185,0.754154525476294,3242.49267578125,21
15,11,0.7047776815992515,0.7253827391888152,3767.0135498046875,21
16,13,0.6897299343019275,0.7102336313905799,4816.0552978515625,21
17,15,0.6734865144283344,0.6892638242065742,6866.455078125,21
18,16,0.6626262360326545,0.6773356630339334,8201.59912109375,21
19,16,0.6521160601219143,0.6762829039044995,9632.110595703125,21
20,19,0.6439785846853435,0.6699617813833102,11157.989501953125,21
21,19,0.6370147288015122,0.6494268875739203,14019.012451171875,21
22,21,0.6281743503617003,0.6436575414219248,18119.81201171875,21
23,23,0.6210049058271936,0.6509795231359721,23078.91845703125,21
24,22,0.6143764100077628,0.6249898831350166,27847.2900390625,21
25,25,0.6096382835615487,0.6287931458865162,29373.1689453125,21
26,23,0.6064646152588585,0.6228695285895267,32806.396484375,21
27,23,0.5994315724047709,0.6171172737114661,31661.9873046875,21
28,24,0.5969592314863523,0.6085204017451312,35095.21484375,21
29,28,0.5916557450474588,0.6101054496589338,40817.2607421875,21
30,25,0.5876910066439758,0.5994874007215275,44250.48828125,21
0,0,1.2561119487386403,1.2561119487386403,20.86162567138672,22
1,0,1.2524774236913772,1.2524774236913772,20.86162567138672,22
2,0,1.2415989558082263,1.2415989558082263,23.096799850463867,22
3,0,1.2235561850684853,1.2235561850684853,26.82209014892578,22
4,0,1.198495789451586,1.198495789451586,32.03749656677246,22
5,0,1.166650933907636,1.166650933907636,41.72325134277344,22
6,0,1.128365908368662,1.128365908368662,58.11452865600586,22
7,0,1.084123875412064,1.084123875412064,86.4267349243164,22
8,0,1.034574514797511,1.034574514797511,140.07091522216797,22
9,0,0.9805544375502931,0.9805544375502931,244.37904357910156,22
10,0,0.9230881865987866,0.9230881865987866,470.87669372558594,22
11,0,0.8633696472948229,0.8633696472948229,965.5952453613281,22
12,0,0.8027816983354942,0.8027816983354942,2098.08349609375,22
13,9,0.7489311212062697,0.7671997726075899,2098.08349609375,22
14,11,0.7267351622006185,0.754154525476294,3266.3345336914062,22
15,11,0.7047776815992515,0.7253827391888152,4196.1669921875,22
16,13,0.6897299343019275,0.7102336313905799,5245.208740234375,22
17,15,0.6734865144283344,0.6892638242065742,7534.027099609375,22
18,16,0.6626262360326545,0.6773356630339334,8392.333984375,22
19,16,0.6521160601219143,0.6762829039044995,9250.640869140625,22
20,19,0.6439785846853435,0.6699617813833102,13542.17529296875,22
21,19,0.6370147288015122,0.6494268875739203,13542.17529296875,22
22,21,0.6281743503617003,0.6436575414219248,16403.1982421875,22
23,23,0.6210049058271936,0.6509795231359721,24795.5322265625,22
24,22,0.6143764100077628,0.6249898831350166,20790.10009765625,22
25,25,0.6096382835615487,0.6287931458865162,27275.08544921875,22
26,23,0.6064646152588585,0.6228695285895267,32806.396484375,22
27,23,0.5994315724047709,0.6171172737114661,34713.7451171875,22
28,24,0.5969592314863523,0.6085204017451312,40054.3212890625,22
29,28,0.5916557450474588,0.6101054496589338,33569.3359375,22
30,25,0.5876910066439758,0.5994874007215275,46157.8369140625,22
0,0,1.2561119487386403,1.2561119487386403,20.86162567138672,23
1,0,1.2524774236913772,1.2524774236913772,20.86162567138672,23
2,0,1.2415989558082263,1.2415989558082263,23.096799850463867,23
3,0,1.2235561850684853,1.2235561850684853,26.82209014892578,23
4,0,1.198495789451586,1.198495789451586,32.03749656677246,23
5,0,1.166650933907636,1.166650933907636,41.72325134277344,23
6,0,1.128365908368662,1.128365908368662,58.11452865600586,23
7,0,1.084123875412064,1.084123875412064,86.4267349243164,23
8,0,1.034574514797511,1.034574514797511,140.07091522216797,23
9,0,0.9805544375502931,0.9805544375502931,244.37904357910156,23
10,0,0.9230881865987866,0.9230881865987866,470.87669372558594,23
11,0,0.8633696472948229,0.8633696472948229,965.5952453613281,23
12,0,0.8027816983354942,0.8027816983354942,2098.08349609375,23
13,9,0.7489311212062697,0.7671997726075899,2384.185791015625,23
14,11,0.7267351622006185,0.754154525476294,3147.125244140625,23
15,11,0.7047776815992515,0.7253827391888152,4148.4832763671875,23
16,13,0.6897299343019275,0.7102336313905799,5340.576171875,23
17,15,0.6734865144283344,0.6892638242065742,7438.65966796875,23
18,16,0.6626262360326545,0.6773356630339334,10108.94775390625,23
19,16,0.6521160601219143,0.6762829039044995,7915.496826171875,23
20,19,0.6439785846853435,0.6699617813833102,11253.35693359375,23
21,19,0.6370147288015122,0.6494268875739203,13542.17529296875,23
22,21,0.6281743503617003,0.6436575414219248,19645.69091796875,23
23,23,0.6210049058271936,0.6509795231359721,18310.546875,23
24,22,0.6143764100077628,0.6249898831350166,21553.03955078125,23
25,25,0.6096382835615487,0.6287931458865162,28800.96435546875,23
26,23,0.6064646152588585,0.6228695285895267,31089.78271484375,23
27,23,0.5994315724047709,0.6171172737114661,33760.07080078125,23
28,24,0.5969592314863523,0.6085204017451312,33569.3359375,23
29,28,0.5916557450474588,0.6101054496589338,43869.0185546875,23
30,25,0.5876910066439758,0.5994874007215275,48828.125,23
0,0,1.2561119487386403,1.2561119487386403,20.86162567138672,24
1,0,1.2524774236913772,1.2524774236913772,20.86162567138672,24
2,0,1.2415989558082263,1.2415989558082263,23.096799850463867,24
3,0,1.2235561850684853,1.2235561850684853,26.82209014892578,24
4,0,1.198495789451586,1.198495789451586,32.03749656677246,24
5,0,1.166650933907636,1.166650933907636,41.72325134277344,24
6,0,1.128365908368662,1.128365908368662,58.11452865600586,24
7,0,1.084123875412064,1.084123875412064,86.4267349243164,24
8,0,1.034574514797511,1.034574514797511,140.07091522216797,24
9,0,0.9805544375502931,0.9805544375502931,244.37904357910156,24
10,0,0.9230881865987866,0.9230881865987866,470.87669372558594,24
11,0,0.8633696472948229,0.8633696472948229,965.5952453613281,24
12,0,0.8027816983354942,0.8027816983354942,2098.08349609375,24
13,9,0.7489311212062697,0.7671997726075899,2074.2416381835938,24
14,11,0.7267351622006185,0.754154525476294,3147.125244140625,24
15,11,0.7047776815992515,0.7253827391888152,3433.2275390625,24
16,13,0.6897299343019275,0.7102336313905799,4482.269287109375,24
17,15,0.6734865144283344,0.6892638242065742,8392.333984375,24
18,16,0.6626262360326545,0.6773356630339334,8201.59912109375,24
19,16,0.6521160601219143,0.6762829039044995,11062.6220703125,24
20,19,0.6439785846853435,0.6699617813833102,11920.928955078125,24
21,19,0.6370147288015122,0.6494268875739203,12969.970703125,24
22,21,0.6281743503617003,0.6436575414219248,11825.5615234375,24
23,23,0.6210049058271936,0.6509795231359721,16212.46337890625,24
24,22,0.6143764100077628,0.6249898831350166,16975.40283203125,24
25,25,0.6096382835615487,0.6287931458865162,26702.880859375,24
26,23,0.6064646152588585,0.6228695285895267,22888.18359375,24
27,23,0.5994315724047709,0.6171172737114661,35476.6845703125,24
28,24,0.5969592314863523,0.6085204017451312,39672.8515625,24
29,28,0.5916557450474588,0.6101054496589338,33950.8056640625,24
30,25,0.5876910066439758,0.5994874007215275,46539.306640625,24
0,0,1.2561119487386403,1.2561119487386403,20.86162567138672,25
1,0,1.2524774236913772,1.2524774236913772,20.86162567138672,25
2,0,1.2415989558082263,1.2415989558082263,23.096799850463867,25
3,0,1.2235561850684853,1.2235561850684853,26.82209014892578,25
4,0,1.198495789451586,1.198495789451586,32.03749656677246,25
5,0,1.166650933907636,1.166650933907636,41.72325134277344,25
6,0,1.128365908368662,1.128365908368662,58.11452865600586,25
7,0,1.084123875412064,1.084123875412064,86.4267349243164,25
8,0,1.034574514797511,1.034574514797511,140.07091522216797,25
9,0,0.9805544375502931,0.9805544375502931,244.37904357910156,25
10,0,0.9230881865987866,0.9230881865987866,470.87669372558594,25
11,0,0.8633696472948229,0.8633696472948229,965.5952453613281,25
12,0,0.8027816983354942,0.8027816983354942,2098.08349609375,25
13,9,0.7489311212062697,0.7671997726075899,2217.2927856445312,25
14,11,0.7267351622006185,0.754154525476294,3433.2275390625,25
15,11,0.7047776815992515,0.7253827391888152,4434.5855712890625,25
16,13,0.6897299343019275,0.7102336313905799,6008.148193359375,25
17,15,0.6734865144283344,0.6892638242065742,8487.701416015625,25
18,16,0.6626262360326545,0.6773356630339334,8964.53857421875,25
19,16,0.6521160601219143,0.6762829039044995,11825.5615234375,25
20,19,0.6439785846853435,0.6699617813833102,11253.35693359375,25
21,19,0.6370147288015122,0.6494268875739203,18119.81201171875,25
22,21,0.6281743503617003,0.6436575414219248,14305.11474609375,25
23,23,0.6210049058271936,0.6509795231359721,21743.7744140625,25
24,22,0.6143764100077628,0.6249898831350166,20217.8955078125,25
25,25,0.6096382835615487,0.6287931458865162,23269.6533203125,25
26,23,0.6064646152588585,0.6228695285895267,32424.9267578125,25
27,23,0.5994315724047709,0.6171172737114661,28991.69921875,25
28,24,0.5969592314863523,0.6085204017451312,25558.4716796875,25
29,28,0.5916557450474588,0.6101054496589338,51879.8828125,25
30,25,0.5876910066439758,0.5994874007215275,43487.548828125,25
0,0,1.2561119487386403,1.2561119487386403,20.86162567138672,26
1,0,1.2524774236913772,1.2524774236913772,20.86162567138672,26
2,0,1.2415989558082263,1.2415989558082263,23.096799850463867,26
3,0,1.2235561850684853,1.2235561850684853,26.82209014892578,26
4,0,1.198495789451586,1.198495789451586,32.03749656677246,26
5,0,1.166650933907636,1.166650933907636,41.72325134277344,26
6,0,1.128365908368662,1.128365908368662,58.11452865600586,26
7,0,1.084123875412064,1.084123875412064,86.4267349243164,26
8,0,1.034574514797511,1.034574514797511,140.07091522216797,26
9,0,0.9805544375502931,0.9805544375502931,244.37904357910156,26
10,0,0.9230881865987866,0.9230881865987866,470.87669372558594,26
11,0,0.8633696472948229,0.8633696472948229,965.5952453613281,26
12,0,0.8027816983354942,0.8027816983354942,2098.08349609375,26
13,9,0.7489311212062697,0.7671997726075899,2145.7672119140625,26
14,11,0.7267351622006185,0.754154525476294,3004.0740966796875,26
15,11,0.7047776815992515,0.7253827391888152,3767.0135498046875,26
16,13,0.6897299343019275,0.7102336313905799,6294.25048828125,26
17,15,0.6734865144283344,0.6892638242065742,6008.148193359375,26
18,16,0.6626262360326545,0.6773356630339334,7438.65966796875,26
19,16,0.6521160601219143,0.6762829039044995,13732.91015625,26
20,19,0.6439785846853435,0.6699617813833102,11539.459228515625,26
21,19,0.6370147288015122,0.6494268875739203,14305.11474609375,26
22,21,0.6281743503617003,0.6436575414219248,18119.81201171875,26
23,23,0.6210049058271936,0.6509795231359721,19073.486328125,26
24,22,0.6143764100077628,0.6249898831350166,22125.244140625,26
25,25,0.6096382835615487,0.6287931458865162,21743.7744140625,26
26,23,0.6064646152588585,0.6228695285895267,22888.18359375,26
27,23,0.5994315724047709,0.6171172737114661,33569.3359375,26
28,24,0.5969592314863523,0.6085204017451312,24414.0625,26
29,28,0.5916557450474588,0.6101054496589338,38146.97265625,26
30,25,0.5876910066439758,0.5994874007215275,51116.943359375,26
0,0,1.2561119487386403,1.2561119487386403,20.86162567138672,27
1,0,1.2524774236913772,1.2524774236913772,20.86162567138672,27
2,0,1.2415989558082263,1.2415989558082263,23.096799850463867,27
3,0,1.2235561850684853,1.2235561850684853,26.82209014892578,27
4,0,1.198495789451586,1.198495789451586,32.03749656677246,27
5,0,1.166650933907636,1.166650933907636,41.72325134277344,27
6,0,1.128365908368662,1.128365908368662,58.11452865600586,27
7,0,1.084123875412064,1.084123875412064,86.4267349243164,27
8,0,1.034574514797511,1.034574514797511,140.07091522216797,27
9,0,0.9805544375502931,0.9805544375502931,244.37904357910156,27
10,0,0.9230881865987866,0.9230881865987866,470.87669372558594,27
11,0,0.8633696472948229,0.8633696472948229,965.5952453613281,27
12,0,0.8027816983354942,0.8027816983354942,2098.08349609375,27
13,9,0.7489311212062697,0.7671997726075899,2288.818359375,27
14,11,0.7267351622006185,0.754154525476294,3385.5438232421875,27
15,11,0.7047776815992515,0.7253827391888152,4577.63671875,27
16,13,0.6897299343019275,0.7102336313905799,4673.004150390625,27
17,15,0.6734865144283344,0.6892638242065742,6961.822509765625,27
18,16,0.6626262360326545,0.6773356630339334,8773.8037109375,27
19,16,0.6521160601219143,0.6762829039044995,11444.091796875,27
20,19,0.6439785846853435,0.6699617813833102,13160.70556640625,27
21,19,0.6370147288015122,0.6494268875739203,16212.46337890625,27
22,21,0.6281743503617003,0.6436575414219248,12969.970703125,27
23,23,0.6210049058271936,0.6509795231359721,17547.607421875,27
24,22,0.6143764100077628,0.6249898831350166,20599.365234375,27
25,25,0.6096382835615487,0.6287931458865162,23841.85791015625,27
26,23,0.6064646152588585,0.6228695285895267,26702.880859375,27
27,23,0.5994315724047709,0.6171172737114661,41580.2001953125,27
28,24,0.5969592314863523,0.6085204017451312,35476.6845703125,27
29,28,0.5916557450474588,0.6101054496589338,37002.5634765625,27
30,25,0.5876910066439758,0.5994874007215275,49591.064453125,27
0,0,1.2561119487386403,1.2561119487386403,20.86162567138672,28
1,0,1.2524774236913772,1.2524774236913772,20.86162567138672,28
2,0,1.2415989558082263,1.2415989558082263,23.096799850463867,28
3,0,1.2235561850684853,1.2235561850684853,26.82209014892578,28
4,0,1.198495789451586,1.198495789451586,32.03749656677246,28
5,0,1.166650933907636,1.166650933907636,41.72325134277344,28
6,0,1.128365908368662,1.128365908368662,58.11452865600586,28
7,0,1.084123875412064,1.084123875412064,86.4267349243164,28
8,0,1.034574514797511,1.034574514797511,140.07091522216797,28
9,0,0.9805544375502931,0.9805544375502931,244.37904357910156,28
10,0,0.9230881865987866,0.9230881865987866,470.87669372558594,28
11,0,0.8633696472948229,0.8633696472948229,965.5952453613281,28
12,0,0.8027816983354942,0.8027816983354942,2098.08349609375,28
13,9,0.7489311212062697,0.7671997726075899,2288.818359375,28
14,11,0.7267351622006185,0.754154525476294,3051.7578125,28
15,11,0.7047776815992515,0.7253827391888152,3886.2228393554688,28
16,13,0.6897299343019275,0.7102336313905799,5149.84130859375,28
17,15,0.6734865144283344,0.6892638242065742,7534.027099609375,28
18,16,0.6626262360326545,0.6773356630339334,9059.906005859375,28
19,16,0.6521160601219143,0.6762829039044995,10681.15234375,28
20,19,0.6439785846853435,0.6699617813833102,9727.47802734375,28
21,19,0.6370147288015122,0.6494268875739203,13732.91015625,28
22,21,0.6281743503617003,0.6436575414219248,17166.1376953125,28
23,23,0.6210049058271936,0.6509795231359721,20408.63037109375,28
24,22,0.6143764100077628,0.6249898831350166,27084.3505859375,28
25,25,0.6096382835615487,0.6287931458865162,26321.4111328125,28
26,23,0.6064646152588585,0.6228695285895267,26130.67626953125,28
27,23,0.5994315724047709,0.6171172737114661,39291.3818359375,28
28,24,0.5969592314863523,0.6085204017451312,39291.3818359375,28
29,28,0.5916557450474588,0.6101054496589338,39672.8515625,28
30,25,0.5876910066439758,0.5994874007215275,41198.73046875,28
0,0,1.2561119487386403,1.2561119487386403,20.86162567138672,29
1,0,1.2524774236913772,1.2524774236913772,20.86162567138672,29
2,0,1.2415989558082263,1.2415989558082263,23.096799850463867,29
3,0,1.2235561850684853,1.2235561850684853,26.82209014892578,29
4,0,1.198495789451586,1.198495789451586,32.03749656677246,29
5,0,1.166650933907636,1.166650933907636,41.72325134277344,29
6,0,1.128365908368662,1.128365908368662,58.11452865600586,29
7,0,1.084123875412064,1.084123875412064,86.4267349243164,29
8,0,1.034574514797511,1.034574514797511,140.07091522216797,29
9,0,0.9805544375502931,0.9805544375502931,244.37904357910156,29
10,0,0.9230881865987866,0.9230881865987866,470.87669372558594,29
11,0,0.8633696472948229,0.8633696472948229,965.5952453613281,29
12,0,0.8027816983354942,0.8027816983354942,2098.08349609375,29
13,9,0.7489311212062697,0.7671997726075899,2479.55322265625,29
14,11,0.7267351622006185,0.754154525476294,3027.9159545898438,29
15,11,0.7047776815992515,0.7253827391888152,4148.4832763671875,29
16,13,0.6897299343019275,0.7102336313905799,5578.9947509765625,29
17,15,0.6734865144283344,0.6892638242065742,6294.25048828125,29
18,16,0.6626262360326545,0.6773356630339334,8392.333984375,29
19,16,0.6521160601219143,0.6762829039044995,10013.580322265625,29
20,19,0.6439785846853435,0.6699617813833102,13160.70556640625,29
21,19,0.6370147288015122,0.6494268875739203,14019.012451171875,29
22,21,0.6281743503617003,0.6436575414219248,16403.1982421875,29
23,23,0.6210049058271936,0.6509795231359721,29563.90380859375,29
24,22,0.6143764100077628,0.6249898831350166,21171.56982421875,29
25,25,0.6096382835615487,0.6287931458865162,24032.5927734375,29
26,23,0.6064646152588585,0.6228695285895267,30708.31298828125,29
27,23,0.5994315724047709,0.6171172737114661,31089.78271484375,29
28,24,0.5969592314863523,0.6085204017451312,47302.24609375,29
29,28,0.5916557450474588,0.6101054496589338,45013.427734375,29
30,25,0.5876910066439758,0.5994874007215275,49591.064453125,29
0,0,1.2561119487386403,1.2561119487386403,20.86162567138672,30
1,0,1.2524774236913772,1.2524774236913772,20.86162567138672,30
2,0,1.2415989558082263,1.2415989558082263,23.096799850463867,30
3,0,1.2235561850684853,1.2235561850684853,26.82209014892578,30
4,0,1.198495789451586,1.198495789451586,32.03749656677246,30
5,0,1.166650933907636,1.166650933907636,41.72325134277344,30
6,0,1.128365908368662,1.128365908368662,58.11452865600586,30
7,0,1.084123875412064,1.084123875412064,86.4267349243164,30
8,0,1.034574514797511,1.034574514797511,140.07091522216797,30
9,0,0.9805544375502931,0.9805544375502931,244.37904357910156,30
10,0,0.9230881865987866,0.9230881865987866,470.87669372558594,30
11,0,0.8633696472948229,0.8633696472948229,965.5952453613281,30
12,0,0.8027816983354942,0.8027816983354942,2098.08349609375,30
13,9,0.7489311212062697,0.7671997726075899,2169.6090698242188,30
14,11,0.7267351622006185,0.754154525476294,2932.5485229492188,30
15,11,0.7047776815992515,0.7253827391888152,4100.799560546875,30
16,13,0.6897299343019275,0.7102336313905799,4959.1064453125,30
17,15,0.6734865144283344,0.6892638242065742,5435.943603515625,30
18,16,0.6626262360326545,0.6773356630339334,8964.53857421875,30
19,16,0.6521160601219143,0.6762829039044995,10490.41748046875,30
20,19,0.6439785846853435,0.6699617813833102,13256.072998046875,30
21,19,0.6370147288015122,0.6494268875739203,11634.82666015625,30
22,21,0.6281743503617003,0.6436575414219248,13923.64501953125,30
23,23,0.6210049058271936,0.6509795231359721,17547.607421875,30
24,22,0.6143764100077628,0.6249898831350166,24032.5927734375,30
25,25,0.6096382835615487,0.6287931458865162,30517.578125,30
26,23,0.6064646152588585,0.6228695285895267,30899.0478515625,30
27,23,0.5994315724047709,0.6171172737114661,27656.55517578125,30
28,24,0.5969592314863523,0.6085204017451312,38146.97265625,30
29,28,0.5916557450474588,0.6101054496589338,42343.1396484375,30
30,25,0.5876910066439758,0.5994874007215275,51879.8828125,30
0,0,1.2561119487386403,1.2561119487386403,20.86162567138672,31
1,0,1.2524774236913772,1.2524774236913772,20.86162567138672,31
2,0,1.2415989558082263,1.2415989558082263,23.096799850463867,31
3,0,1.2235561850684853,1.2235561850684853,26.82209014892578,31
4,0,1.198495789451586,1.198495789451586,32.03749656677246,31
5,0,1.166650933907636,1.166650933907636,41.72325134277344,31
6,0,1.128365908368662,1.128365908368662,58.11452865600586,31
7,0,1.084123875412064,1.084123875412064,86.4267349243164,31
8,0,1.034574514797511,1.034574514797511,140.07091522216797,31
9,0,0.9805544375502931,0.9805544375502931,244.37904357910156,31
10,0,0.9230881865987866,0.9230881865987866,470.87669372558594,31
11,0,0.8633696472948229,0.8633696472948229,965.5952453613281,31
12,0,0.8027816983354942,0.8027816983354942,2098.08349609375,31
13,9,0.7489311212062697,0.7671997726075899,2574.920654296875,31
14,11,0.7267351622006185,0.754154525476294,3528.594970703125,31
15,11,0.7047776815992515,0.7253827391888152,3910.064697265625,31
16,13,0.6897299343019275,0.7102336313905799,6103.515625,31
17,15,0.6734865144283344,0.6892638242065742,6961.822509765625,31
18,16,0.6626262360326545,0.6773356630339334,9727.47802734375,31
19,16,0.6521160601219143,0.6762829039044995,8392.333984375,31
20,19,0.6439785846853435,0.6699617813833102,13542.17529296875,31
21,19,0.6370147288015122,0.6494268875739203,11157.989501953125,31
22,21,0.6281743503617003,0.6436575414219248,12779.23583984375,31
23,23,0.6210049058271936,0.6509795231359721,15449.52392578125,31
24,22,0.6143764100077628,0.6249898831350166,23078.91845703125,31
25,25,0.6096382835615487,0.6287931458865162,28610.2294921875,31
26,23,0.6064646152588585,0.6228695285895267,27465.8203125,31
27,23,0.5994315724047709,0.6171172737114661,27084.3505859375,31
28,24,0.5969592314863523,0.6085204017451312,34713.7451171875,31
29,28,0.5916557450474588,0.6101054496589338,47302.24609375,31
30,25,0.5876910066439758,0.5994874007215275,37384.033203125,31
0,0,1.2561119487386403,1.2561119487386403,20.86162567138672,32
1,0,1.2524774236913772,1.2524774236913772,20.86162567138672,32
2,0,1.2415989558082263,1.2415989558082263,23.096799850463867,32
3,0,1.2235561850684853,1.2235561850684853,26.82209014892578,32
4,0,1.198495789451586,1.198495789451586,32.03749656677246,32
5,0,1.166650933907636,1.166650933907636,41.72325134277344,32
6,0,1.128365908368662,1.128365908368662,58.11452865600586,32
7,0,1.084123875412064,1.084123875412064,86.4267349243164,32
8,0,1.034574514797511,1.034574514797511,140.07091522216797,32
9,0,0.9805544375502931,0.9805544375502931,244.37904357910156,32
10,0,0.9230881865987866,0.9230881865987866,470.87669372558594,32
11,0,0.8633696472948229,0.8633696472948229,965.5952453613281,32
12,0,0.8027816983354942,0.8027816983354942,2098.08349609375,32
13,9,0.7489311212062697,0.7671997726075899,2002.716064453125,32
14,11,0.7267351622006185,0.754154525476294,3075.5996704101562,32
15,11,0.7047776815992515,0.7253827391888152,3910.064697265625,32
16,13,0.6897299343019275,0.7102336313905799,4673.004150390625,32
17,15,0.6734865144283344,0.6892638242065742,6437.3016357421875,32
18,16,0.6626262360326545,0.6773356630339334,9059.906005859375,32
19,16,0.6521160601219143,0.6762829039044995,9918.212890625,32
20,19,0.6439785846853435,0.6699617813833102,11634.82666015625,32
21,19,0.6370147288015122,0.6494268875739203,16212.46337890625,32
22,21,0.6281743503617003,0.6436575414219248,14305.11474609375,32
23,23,0.6210049058271936,0.6509795231359721,18692.0166015625,32
24,22,0.6143764100077628,0.6249898831350166,15544.891357421875,32
25,25,0.6096382835615487,0.6287931458865162,28800.96435546875,32
26,23,0.6064646152588585,0.6228695285895267,29754.638671875,32
27,23,0.5994315724047709,0.6171172737114661,35476.6845703125,32
28,24,0.5969592314863523,0.6085204017451312,30517.578125,32
29,28,0.5916557450474588,0.6101054496589338,31280.517578125,32
30,25,0.5876910066439758,0.5994874007215275,59509.27734375,32
0,0,1.2561119487386403,1.2561119487386403,20.86162567138672,33
1,0,1.2524774236913772,1.2524774236913772,20.86162567138672,33
2,0,1.2415989558082263,1.2415989558082263,23.096799850463867,33
3,0,1.2235561850684853,1.2235561850684853,26.82209014892578,33
4,0,1.198495789451586,1.198495789451586,32.03749656677246,33
5,0,1.166650933907636,1.166650933907636,41.72325134277344,33
6,0,1.128365908368662,1.128365908368662,58.11452865600586,33
7,0,1.084123875412064,1.084123875412064,86.4267349243164,33
8,0,1.034574514797511,1.034574514797511,140.07091522216797,33
9,0,0.9805544375502931,0.9805544375502931,244.37904357910156,33
10,0,0.9230881865987866,0.9230881865987866,470.87669372558594,33
11,0,0.8633696472948229,0.8633696472948229,965.5952453613281,33
12,0,0.8027816983354942,0.8027816983354942,2098.08349609375,33
13,9,0.7489311212062697,0.7671997726075899,2264.9765014648438,33
14,11,0.7267351622006185,0.754154525476294,3337.860107421875,33
15,11,0.7047776815992515,0.7253827391888152,3528.594970703125,33
16,13,0.6897299343019275,0.7102336313905799,4243.8507080078125,33
17,15,0.6734865144283344,0.6892638242065742,6103.515625,33
18,16,0.6626262360326545,0.6773356630339334,7343.292236328125,33
19,16,0.6521160601219143,0.6762829039044995,11062.6220703125,33
20,19,0.6439785846853435,0.6699617813833102,10299.6826171875,33
21,19,0.6370147288015122,0.6494268875739203,13256.072998046875,33
22,21,0.6281743503617003,0.6436575414219248,19073.486328125,33
23,23,0.6210049058271936,0.6509795231359721,18882.75146484375,33
24,22,0.6143764100077628,0.6249898831350166,19836.42578125,33
25,25,0.6096382835615487,0.6287931458865162,28038.02490234375,33
26,23,0.6064646152588585,0.6228695285895267,32043.45703125,33
27,23,0.5994315724047709,0.6171172737114661,33569.3359375,33
28,24,0.5969592314863523,0.6085204017451312,26702.880859375,33
29,28,0.5916557450474588,0.6101054496589338,56457.51953125,33
30,25,0.5876910066439758,0.5994874007215275,41961.669921875,33
0,0,1.2561119487386403,1.2561119487386403,20.86162567138672,34
1,0,1.2524774236913772,1.2524774236913772,20.86162567138672,34
2,0,1.2415989558082263,1.2415989558082263,23.096799850463867,34
3,0,1.2235561850684853,1.2235561850684853,26.82209014892578,34
4,0,1.198495789451586,1.198495789451586,32.03749656677246,34
5,0,1.166650933907636,1.166650933907636,41.72325134277344,34
6,0,1.128365908368662,1.128365908368662,58.11452865600586,34
7,0,1.084123875412064,1.084123875412064,86.4267349243164,34
8,0,1.034574514797511,1.034574514797511,140.07091522216797,34
9,0,0.9805544375502931,0.9805544375502931,244.37904357910156,34
10,0,0.9230881865987866,0.9230881865987866,470.87669372558594,34
11,0,0.8633696472948229,0.8633696472948229,965.5952453613281,34
12,0,0.8027816983354942,0.8027816983354942,2098.08349609375,34
13,9,0.7489311212062697,0.7671997726075899,2312.6602172851562,34
14,11,0.7267351622006185,0.754154525476294,3600.1205444335938,34
15,11,0.7047776815992515,0.7253827391888152,4291.534423828125,34
16,13,0.6897299343019275,0.7102336313905799,4434.5855712890625,34
17,15,0.6734865144283344,0.6892638242065742,5435.943603515625,34
18,16,0.6626262360326545,0.6773356630339334,6675.72021484375,34
19,16,0.6521160601219143,0.6762829039044995,9822.845458984375,34
20,19,0.6439785846853435,0.6699617813833102,9727.47802734375,34
21,19,0.6370147288015122,0.6494268875739203,12969.970703125,34
22,21,0.6281743503617003,0.6436575414219248,15449.52392578125,34
23,23,0.6210049058271936,0.6509795231359721,16403.1982421875,34
24,22,0.6143764100077628,0.6249898831350166,18119.81201171875,34
25,25,0.6096382835615487,0.6287931458865162,21171.56982421875,34
26,23,0.6064646152588585,0.6228695285895267,21553.03955078125,34
27,23,0.5994315724047709,0.6171172737114661,39291.3818359375,34
28,24,0.5969592314863523,0.6085204017451312,40054.3212890625,34
29,28,0.5916557450474588,0.6101054496589338,40435.791015625,34
30,25,0.5876910066439758,0.5994874007215275,46157.8369140625,34
0,0,1.2561119487386403,1.2561119487386403,20.86162567138672,35
1,0,1.2524774236913772,1.2524774236913772,20.86162567138672,35
2,0,1.2415989558082263,1.2415989558082263,23.096799850463867,35
3,0,1.2235561850684853,1.2235561850684853,26.82209014892578,35
4,0,1.198495789451586,1.198495789451586,32.03749656677246,35
5,0,1.166650933907636,1.166650933907636,41.72325134277344,35
6,0,1.128365908368662,1.128365908368662,58.11452865600586,35
7,0,1.084123875412064,1.084123875412064,86.4267349243164,35
8,0,1.034574514797511,1.034574514797511,140.07091522216797,35
9,0,0.9805544375502931,0.9805544375502931,244.37904357910156,35
10,0,0.9230881865987866,0.9230881865987866,470.87669372558594,35
11,0,0.8633696472948229,0.8633696472948229,965.5952453613281,35
12,0,0.8027816983354942,0.8027816983354942,2098.08349609375,35
13,9,0.7489311212062697,0.7671997726075899,2336.5020751953125,35
14,11,0.7267351622006185,0.754154525476294,2646.4462280273438,35
15,11,0.7047776815992515,0.7253827391888152,4243.8507080078125,35
16,13,0.6897299343019275,0.7102336313905799,5149.84130859375,35
17,15,0.6734865144283344,0.6892638242065742,6008.148193359375,35
18,16,0.6626262360326545,0.6773356630339334,9155.2734375,35
19,16,0.6521160601219143,0.6762829039044995,10013.580322265625,35
20,19,0.6439785846853435,0.6699617813833102,9155.2734375,35
21,19,0.6370147288015122,0.6494268875739203,12207.03125,35
22,21,0.6281743503617003,0.6436575414219248,16593.93310546875,35
23,23,0.6210049058271936,0.6509795231359721,16212.46337890625,35
24,22,0.6143764100077628,0.6249898831350166,29754.638671875,35
25,25,0.6096382835615487,0.6287931458865162,31471.25244140625,35
26,23,0.6064646152588585,0.6228695285895267,32806.396484375,35
27,23,0.5994315724047709,0.6171172737114661,29563.90380859375,35
28,24,0.5969592314863523,0.6085204017451312,29373.1689453125,35
29,28,0.5916557450474588,0.6101054496589338,36239.6240234375,35
30,25,0.5876910066439758,0.5994874007215275,49591.064453125,35
0,0,1.2561119487386403,1.2561119487386403,20.86162567138672,36
1,0,1.2524774236913772,1.2524774236913772,20.86162567138672,36
2,0,1.2415989558082263,1.2415989558082263,23.096799850463867,36
3,0,1.2235561850684853,1.2235561850684853,26.82209014892578,36
4,0,1.198495789451586,1.198495789451586,32.03749656677246,36
5,0,1.166650933907636,1.166650933907636,41.72325134277344,36
6,0,1.128365908368662,1.128365908368662,58.11452865600586,36
7,0,1.084123875412064,1.084123875412064,86.4267349243164,36
8,0,1.034574514797511,1.034574514797511,140.07091522216797,36
9,0,0.9805544375502931,0.9805544375502931,244.37904357910156,36
10,0,0.9230881865987866,0.9230881865987866,470.87669372558594,36
11,0,0.8633696472948229,0.8633696472948229,965.5952453613281,36
12,0,0.8027816983354942,0.8027816983354942,2098.08349609375,36
13,9,0.7489311212062697,0.7671997726075899,2264.9765014648438,36
14,11,0.7267351622006185,0.754154525476294,3170.9671020507812,36
15,11,0.7047776815992515,0.7253827391888152,3862.3809814453125,36
16,13,0.6897299343019275,0.7102336313905799,5674.3621826171875,36
17,15,0.6734865144283344,0.6892638242065742,6294.25048828125,36
18,16,0.6626262360326545,0.6773356630339334,8296.966552734375,36
19,16,0.6521160601219143,0.6762829039044995,11730.194091796875,36
20,19,0.6439785846853435,0.6699617813833102,13732.91015625,36
21,19,0.6370147288015122,0.6494268875739203,13351.4404296875,36
22,21,0.6281743503617003,0.6436575414219248,16212.46337890625,36
23,23,0.6210049058271936,0.6509795231359721,20599.365234375,36
24,22,0.6143764100077628,0.6249898831350166,18692.0166015625,36
25,25,0.6096382835615487,0.6287931458865162,28228.759765625,36
26,23,0.6064646152588585,0.6228695285895267,20217.8955078125,36
27,23,0.5994315724047709,0.6171172737114661,51116.943359375,36
28,24,0.5969592314863523,0.6085204017451312,37002.5634765625,36
29,28,0.5916557450474588,0.6101054496589338,37765.5029296875,36
30,25,0.5876910066439758,0.5994874007215275,44250.48828125,36
0,0,1.2561119487386403,1.2561119487386403,20.86162567138672,37
1,0,1.2524774236913772,1.2524774236913772,20.86162567138672,37
2,0,1.2415989558082263,1.2415989558082263,23.096799850463867,37
3,0,1.2235561850684853,1.2235561850684853,26.82209014892578,37
4,0,1.198495789451586,1.198495789451586,32.03749656677246,37
5,0,1.166650933907636,1.166650933907636,41.72325134277344,37
6,0,1.128365908368662,1.128365908368662,58.11452865600586,37
7,0,1.084123875412064,1.084123875412064,86.4267349243164,37
8,0,1.034574514797511,1.034574514797511,140.07091522216797,37
9,0,0.9805544375502931,0.9805544375502931,244.37904357910156,37
10,0,0.9230881865987866,0.9230881865987866,470.87669372558594,37
11,0,0.8633696472948229,0.8633696472948229,965.5952453613281,37
12,0,0.8027816983354942,0.8027816983354942,2098.08349609375,37
13,9,0.7489311212062697,0.7671997726075899,2336.5020751953125,37
14,11,0.7267351622006185,0.754154525476294,3290.1763916015625,37
15,11,0.7047776815992515,0.7253827391888152,3576.2786865234375,37
16,13,0.6897299343019275,0.7102336313905799,5435.943603515625,37
17,15,0.6734865144283344,0.6892638242065742,6198.883056640625,37
18,16,0.6626262360326545,0.6773356630339334,9250.640869140625,37
19,16,0.6521160601219143,0.6762829039044995,10967.254638671875,37
20,19,0.6439785846853435,0.6699617813833102,12397.76611328125,37
21,19,0.6370147288015122,0.6494268875739203,12779.23583984375,37
22,21,0.6281743503617003,0.6436575414219248,16784.66796875,37
23,23,0.6210049058271936,0.6509795231359721,20599.365234375,37
24,22,0.6143764100077628,0.6249898831350166,20027.16064453125,37
25,25,0.6096382835615487,0.6287931458865162,27847.2900390625,37
26,23,0.6064646152588585,0.6228695285895267,30899.0478515625,37
27,23,0.5994315724047709,0.6171172737114661,43106.0791015625,37
28,24,0.5969592314863523,0.6085204017451312,33950.8056640625,37
29,28,0.5916557450474588,0.6101054496589338,37765.5029296875,37
30,25,0.5876910066439758,0.5994874007215275,48828.125,37
0,0,1.2561119487386403,1.2561119487386403,20.86162567138672,38
1,0,1.2524774236913772,1.2524774236913772,20.86162567138672,38
2,0,1.2415989558082263,1.2415989558082263,23.096799850463867,38
3,0,1.2235561850684853,1.2235561850684853,26.82209014892578,38
4,0,1.198495789451586,1.198495789451586,32.03749656677246,38
5,0,1.166650933907636,1.166650933907636,41.72325134277344,38
6,0,1.128365908368662,1.128365908368662,58.11452865600586,38
7,0,1.084123875412064,1.084123875412064,86.4267349243164,38
8,0,1.034574514797511,1.034574514797511,140.07091522216797,38
9,0,0.9805544375502931,0.9805544375502931,244.37904357910156,38
10,0,0.9230881865987866,0.9230881865987866,470.87669372558594,38
11,0,0.8633696472948229,0.8633696472948229,965.5952453613281,38
12,0,0.8027816983354942,0.8027816983354942,2098.08349609375,38
13,9,0.7489311212062697,0.7671997726075899,2312.6602172851562,38
14,11,0.7267351622006185,0.754154525476294,3552.4368286132812,38
15,11,0.7047776815992515,0.7253827391888152,3695.4879760742188,38
16,13,0.6897299343019275,0.7102336313905799,4720.6878662109375,38
17,15,0.6734865144283344,0.6892638242065742,7057.18994140625,38
18,16,0.6626262360326545,0.6773356630339334,7677.0782470703125,38
19,16,0.6521160601219143,0.6762829039044995,10681.15234375,38
20,19,0.6439785846853435,0.6699617813833102,10490.41748046875,38
21,19,0.6370147288015122,0.6494268875739203,12588.5009765625,38
22,21,0.6281743503617003,0.6436575414219248,17929.0771484375,38
23,23,0.6210049058271936,0.6509795231359721,22888.18359375,38
24,22,0.6143764100077628,0.6249898831350166,28228.759765625,38
25,25,0.6096382835615487,0.6287931458865162,31661.9873046875,38
26,23,0.6064646152588585,0.6228695285895267,29373.1689453125,38
27,23,0.5994315724047709,0.6171172737114661,27656.55517578125,38
28,24,0.5969592314863523,0.6085204017451312,35858.154296875,38
29,28,0.5916557450474588,0.6101054496589338,40435.791015625,38
30,25,0.5876910066439758,0.5994874007215275,41961.669921875,38
0,0,1.2561119487386403,1.2561119487386403,20.86162567138672,39
1,0,1.2524774236913772,1.2524774236913772,20.86162567138672,39
2,0,1.2415989558082263,1.2415989558082263,23.096799850463867,39
3,0,1.2235561850684853,1.2235561850684853,26.82209014892578,39
4,0,1.198495789451586,1.198495789451586,32.03749656677246,39
5,0,1.166650933907636,1.166650933907636,41.72325134277344,39
6,0,1.128365908368662,1.128365908368662,58.11452865600586,39
7,0,1.084123875412064,1.084123875412064,86.4267349243164,39
8,0,1.034574514797511,1.034574514797511,140.07091522216797,39
9,0,0.9805544375502931,0.9805544375502931,244.37904357910156,39
10,0,0.9230881865987866,0.9230881865987866,470.87669372558594,39
11,0,0.8633696472948229,0.8633696472948229,965.5952453613281,39
12,0,0.8027816983354942,0.8027816983354942,2098.08349609375,39
13,9,0.7489311212062697,0.7671997726075899,2288.818359375,39
14,11,0.7267351622006185,0.754154525476294,2813.3392333984375,39
15,11,0.7047776815992515,0.7253827391888152,4148.4832763671875,39
16,13,0.6897299343019275,0.7102336313905799,5388.2598876953125,39
17,15,0.6734865144283344,0.6892638242065742,7438.65966796875,39
18,16,0.6626262360326545,0.6773356630339334,6961.822509765625,39
19,16,0.6521160601219143,0.6762829039044995,10204.315185546875,39
20,19,0.6439785846853435,0.6699617813833102,11634.82666015625,39
21,19,0.6370147288015122,0.6494268875739203,15830.99365234375,39
22,21,0.6281743503617003,0.6436575414219248,19836.42578125,39
23,23,0.6210049058271936,0.6509795231359721,20980.8349609375,39
24,22,0.6143764100077628,0.6249898831350166,23269.6533203125,39
25,25,0.6096382835615487,0.6287931458865162,24795.5322265625,39
26,23,0.6064646152588585,0.6228695285895267,40054.3212890625,39
27,23,0.5994315724047709,0.6171172737114661,25939.94140625,39
28,24,0.5969592314863523,0.6085204017451312,25939.94140625,39
29,28,0.5916557450474588,0.6101054496589338,37384.033203125,39
30,25,0.5876910066439758,0.5994874007215275,49972.5341796875,39
0,0,1.2561119487386403,1.2561119487386403,20.86162567138672,40
1,0,1.2524774236913772,1.2524774236913772,20.86162567138672,40
2,0,1.2415989558082263,1.2415989558082263,23.096799850463867,40
3,0,1.2235561850684853,1.2235561850684853,26.82209014892578,40
4,0,1.198495789451586,1.198495789451586,32.03749656677246,40
5,0,1.166650933907636,1.166650933907636,41.72325134277344,40
6,0,1.128365908368662,1.128365908368662,58.11452865600586,40
7,0,1.084123875412064,1.084123875412064,86.4267349243164,40
8,0,1.034574514797511,1.034574514797511,140.07091522216797,40
9,0,0.9805544375502931,0.9805544375502931,244.37904357910156,40
10,0,0.9230881865987866,0.9230881865987866,470.87669372558594,40
11,0,0.8633696472948229,0.8633696472948229,965.5952453613281,40
12,0,0.8027816983354942,0.8027816983354942,2098.08349609375,40
13,9,0.7489311212062697,0.7671997726075899,2217.2927856445312,40
14,11,0.7267351622006185,0.754154525476294,3194.8089599609375,40
15,11,0.7047776815992515,0.7253827391888152,4291.534423828125,40
16,13,0.6897299343019275,0.7102336313905799,4816.0552978515625,40
17,15,0.6734865144283344,0.6892638242065742,6008.148193359375,40
18,16,0.6626262360326545,0.6773356630339334,7390.9759521484375,40
19,16,0.6521160601219143,0.6762829039044995,10490.41748046875,40
20,19,0.6439785846853435,0.6699617813833102,11157.989501953125,40
21,19,0.6370147288015122,0.6494268875739203,12779.23583984375,40
22,21,0.6281743503617003,0.6436575414219248,17929.0771484375,40
23,23,0.6210049058271936,0.6509795231359721,16593.93310546875,40
24,22,0.6143764100077628,0.6249898831350166,22506.7138671875,40
25,25,0.6096382835615487,0.6287931458865162,23078.91845703125,40
26,23,0.6064646152588585,0.6228695285895267,34332.275390625,40
27,23,0.5994315724047709,0.6171172737114661,24414.0625,40
28,24,0.5969592314863523,0.6085204017451312,44250.48828125,40
29,28,0.5916557450474588,0.6101054496589338,41198.73046875,40
30,25,0.5876910066439758,0.5994874007215275,43106.0791015625,40
0,0,1.2561119487386403,1.2561119487386403,20.86162567138672,41
1,0,1.2524774236913772,1.2524774236913772,20.86162567138672,41
2,0,1.2415989558082263,1.2415989558082263,23.096799850463867,41
3,0,1.2235561850684853,1.2235561850684853,26.82209014892578,41
4,0,1.198495789451586,1.198495789451586,32.03749656677246,41
5,0,1.166650933907636,1.166650933907636,41.72325134277344,41
6,0,1.128365908368662,1.128365908368662,58.11452865600586,41
7,0,1.084123875412064,1.084123875412064,86.4267349243164,41
8,0,1.034574514797511,1.034574514797511,140.07091522216797,41
9,0,0.9805544375502931,0.9805544375502931,244.37904357910156,41
10,0,0.9230881865987866,0.9230881865987866,470.87669372558594,41
11,0,0.8633696472948229,0.8633696472948229,965.5952453613281,41
12,0,0.8027816983354942,0.8027816983354942,2098.08349609375,41
13,9,0.7489311212062697,0.7671997726075899,2622.6043701171875,41
14,11,0.7267351622006185,0.754154525476294,3004.0740966796875,41
15,11,0.7047776815992515,0.7253827391888152,4816.0552978515625,41
16,13,0.6897299343019275,0.7102336313905799,4529.9530029296875,41
17,15,0.6734865144283344,0.6892638242065742,6961.822509765625,41
18,16,0.6626262360326545,0.6773356630339334,7438.65966796875,41
19,16,0.6521160601219143,0.6762829039044995,7915.496826171875,41
20,19,0.6439785846853435,0.6699617813833102,11825.5615234375,41
21,19,0.6370147288015122,0.6494268875739203,16593.93310546875,41
22,21,0.6281743503617003,0.6436575414219248,16403.1982421875,41
23,23,0.6210049058271936,0.6509795231359721,16784.66796875,41
24,22,0.6143764100077628,0.6249898831350166,20217.8955078125,41
25,25,0.6096382835615487,0.6287931458865162,21934.50927734375,41
26,23,0.6064646152588585,0.6228695285895267,25367.73681640625,41
27,23,0.5994315724047709,0.6171172737114661,38528.4423828125,41
28,24,0.5969592314863523,0.6085204017451312,53405.76171875,41
29,28,0.5916557450474588,0.6101054496589338,46539.306640625,41
30,25,0.5876910066439758,0.5994874007215275,43487.548828125,41
0,0,1.2561119487386403,1.2561119487386403,20.86162567138672,42
1,0,1.2524774236913772,1.2524774236913772,20.86162567138672,42
2,0,1.2415989558082263,1.2415989558082263,23.096799850463867,42
3,0,1.2235561850684853,1.2235561850684853,26.82209014892578,42
4,0,1.198495789451586,1.198495789451586,32.03749656677246,42
5,0,1.166650933907636,1.166650933907636,41.72325134277344,42
6,0,1.128365908368662,1.128365908368662,58.11452865600586,42
7,0,1.084123875412064,1.084123875412064,86.4267349243164,42
8,0,1.034574514797511,1.034574514797511,140.07091522216797,42
9,0,0.9805544375502931,0.9805544375502931,244.37904357910156,42
10,0,0.9230881865987866,0.9230881865987866,470.87669372558594,42
11,0,0.8633696472948229,0.8633696472948229,965.5952453613281,42
12,0,0.8027816983354942,0.8027816983354942,2098.08349609375,42
13,9,0.7489311212062697,0.7671997726075899,2145.7672119140625,42
14,11,0.7267351622006185,0.754154525476294,2980.2322387695312,42
15,11,0.7047776815992515,0.7253827391888152,3623.96240234375,42
16,13,0.6897299343019275,0.7102336313905799,5483.6273193359375,42
17,15,0.6734865144283344,0.6892638242065742,5817.413330078125,42
18,16,0.6626262360326545,0.6773356630339334,8010.8642578125,42
19,16,0.6521160601219143,0.6762829039044995,8106.231689453125,42
20,19,0.6439785846853435,0.6699617813833102,11634.82666015625,42
21,19,0.6370147288015122,0.6494268875739203,16021.728515625,42
22,21,0.6281743503617003,0.6436575414219248,18310.546875,42
23,23,0.6210049058271936,0.6509795231359721,27084.3505859375,42
24,22,0.6143764100077628,0.6249898831350166,23460.38818359375,42
25,25,0.6096382835615487,0.6287931458865162,27084.3505859375,42
26,23,0.6064646152588585,0.6228695285895267,25177.001953125,42
27,23,0.5994315724047709,0.6171172737114661,37765.5029296875,42
28,24,0.5969592314863523,0.6085204017451312,37765.5029296875,42
29,28,0.5916557450474588,0.6101054496589338,35858.154296875,42
30,25,0.5876910066439758,0.5994874007215275,40435.791015625,42
0,0,1.2561119487386403,1.2561119487386403,20.86162567138672,43
1,0,1.2524774236913772,1.2524774236913772,20.86162567138672,43
2,0,1.2415989558082263,1.2415989558082263,23.096799850463867,43
3,0,1.2235561850684853,1.2235561850684853,26.82209014892578,43
4,0,1.198495789451586,1.198495789451586,32.03749656677246,43
5,0,1.166650933907636,1.166650933907636,41.72325134277344,43
6,0,1.128365908368662,1.128365908368662,58.11452865600586,43
7,0,1.084123875412064,1.084123875412064,86.4267349243164,43
8,0,1.034574514797511,1.034574514797511,140.07091522216797,43
9,0,0.9805544375502931,0.9805544375502931,244.37904357910156,43
10,0,0.9230881865987866,0.9230881865987866,470.87669372558594,43
11,0,0.8633696472948229,0.8633696472948229,965.5952453613281,43
12,0,0.8027816983354942,0.8027816983354942,2098.08349609375,43
13,9,0.7489311212062697,0.7671997726075899,2026.5579223632812,43
14,11,0.7267351622006185,0.754154525476294,2908.7066650390625,43
15,11,0.7047776815992515,0.7253827391888152,3719.329833984375,43
16,13,0.6897299343019275,0.7102336313905799,4959.1064453125,43
17,15,0.6734865144283344,0.6892638242065742,6580.352783203125,43
18,16,0.6626262360326545,0.6773356630339334,7343.292236328125,43
19,16,0.6521160601219143,0.6762829039044995,6961.822509765625,43
20,19,0.6439785846853435,0.6699617813833102,12588.5009765625,43
21,19,0.6370147288015122,0.6494268875739203,10490.41748046875,43
22,21,0.6281743503617003,0.6436575414219248,15830.99365234375,43
23,23,0.6210049058271936,0.6509795231359721,20027.16064453125,43
24,22,0.6143764100077628,0.6249898831350166,23651.123046875,43
25,25,0.6096382835615487,0.6287931458865162,33950.8056640625,43
26,23,0.6064646152588585,0.6228695285895267,30517.578125,43
27,23,0.5994315724047709,0.6171172737114661,29754.638671875,43
28,24,0.5969592314863523,0.6085204017451312,26512.14599609375,43
29,28,0.5916557450474588,0.6101054496589338,38909.912109375,43
30,25,0.5876910066439758,0.5994874007215275,47302.24609375,43
0,0,1.2561119487386403,1.2561119487386403,20.86162567138672,44
1,0,1.2524774236913772,1.2524774236913772,20.86162567138672,44
2,0,1.2415989558082263,1.2415989558082263,23.096799850463867,44
3,0,1.2235561850684853,1.2235561850684853,26.82209014892578,44
4,0,1.198495789451586,1.198495789451586,32.03749656677246,44
5,0,1.166650933907636,1.166650933907636,41.72325134277344,44
6,0,1.128365908368662,1.128365908368662,58.11452865600586,44
7,0,1.084123875412064,1.084123875412064,86.4267349243164,44
8,0,1.034574514797511,1.034574514797511,140.07091522216797,44
9,0,0.9805544375502931,0.9805544375502931,244.37904357910156,44
10,0,0.9230881865987866,0.9230881865987866,470.87669372558594,44
11,0,0.8633696472948229,0.8633696472948229,965.5952453613281,44
12,0,0.8027816983354942,0.8027816983354942,2098.08349609375,44
13,9,0.7489311212062697,0.7671997726075899,2336.5020751953125,44
14,11,0.7267351622006185,0.754154525476294,3433.2275390625,44
15,11,0.7047776815992515,0.7253827391888152,4482.269287109375,44
16,13,0.6897299343019275,0.7102336313905799,5722.0458984375,44
17,15,0.6734865144283344,0.6892638242065742,7057.18994140625,44
18,16,0.6626262360326545,0.6773356630339334,8106.231689453125,44
19,16,0.6521160601219143,0.6762829039044995,9536.7431640625,44
20,19,0.6439785846853435,0.6699617813833102,11062.6220703125,44
21,19,0.6370147288015122,0.6494268875739203,13923.64501953125,44
22,21,0.6281743503617003,0.6436575414219248,14400.482177734375,44
23,23,0.6210049058271936,0.6509795231359721,18692.0166015625,44
24,22,0.6143764100077628,0.6249898831350166,19264.22119140625,44
25,25,0.6096382835615487,0.6287931458865162,31280.517578125,44
26,23,0.6064646152588585,0.6228695285895267,30899.0478515625,44
27,23,0.5994315724047709,0.6171172737114661,28228.759765625,44
28,24,0.5969592314863523,0.6085204017451312,38909.912109375,44
29,28,0.5916557450474588,0.6101054496589338,40435.791015625,44
30,25,0.5876910066439758,0.5994874007215275,48446.6552734375,44
0,0,1.2561119487386403,1.2561119487386403,20.86162567138672,45
1,0,1.2524774236913772,1.2524774236913772,20.86162567138672,45
2,0,1.2415989558082263,1.2415989558082263,23.096799850463867,45
3,0,1.2235561850684853,1.2235561850684853,26.82209014892578,45
4,0,1.198495789451586,1.198495789451586,32.03749656677246,45
5,0,1.166650933907636,1.166650933907636,41.72325134277344,45
6,0,1.128365908368662,1.128365908368662,58.11452865600586,45
7,0,1.084123875412064,1.084123875412064,86.4267349243164,45
8,0,1.034574514797511,1.034574514797511,140.07091522216797,45
9,0,0.9805544375502931,0.9805544375502931,244.37904357910156,45
10,0,0.9230881865987866,0.9230881865987866,470.87669372558594,45
11,0,0.8633696472948229,0.8633696472948229,965.5952453613281,45
12,0,0.8027816983354942,0.8027816983354942,2098.08349609375,45
13,9,0.7489311212062697,0.7671997726075899,2241.1346435546875,45
14,11,0.7267351622006185,0.754154525476294,3385.5438232421875,45
15,11,0.7047776815992515,0.7253827391888152,3862.3809814453125,45
16,13,0.6897299343019275,0.7102336313905799,5578.9947509765625,45
17,15,0.6734865144283344,0.6892638242065742,6771.087646484375,45
18,16,0.6626262360326545,0.6773356630339334,7581.7108154296875,45
19,16,0.6521160601219143,0.6762829039044995,10490.41748046875,45
20,19,0.6439785846853435,0.6699617813833102,10395.050048828125,45
21,19,0.6370147288015122,0.6494268875739203,13732.91015625,45
22,21,0.6281743503617003,0.6436575414219248,15163.421630859375,45
23,23,0.6210049058271936,0.6509795231359721,17929.0771484375,45
24,22,0.6143764100077628,0.6249898831350166,25749.20654296875,45
25,25,0.6096382835615487,0.6287931458865162,20790.10009765625,45
26,23,0.6064646152588585,0.6228695285895267,25177.001953125,45
27,23,0.5994315724047709,0.6171172737114661,24604.79736328125,45
28,24,0.5969592314863523,0.6085204017451312,32806.396484375,45
29,28,0.5916557450474588,0.6101054496589338,41580.2001953125,45
30,25,0.5876910066439758,0.5994874007215275,45013.427734375,45
0,0,1.2561119487386403,1.2561119487386403,20.86162567138672,46
1,0,1.2524774236913772,1.2524774236913772,20.86162567138672,46
2,0,1.2415989558082263,1.2415989558082263,23.096799850463867,46
3,0,1.2235561850684853,1.2235561850684853,26.82209014892578,46
4,0,1.198495789451586,1.198495789451586,32.03749656677246,46
5,0,1.166650933907636,1.166650933907636,41.72325134277344,46
6,0,1.128365908368662,1.128365908368662,58.11452865600586,46
7,0,1.084123875412064,1.084123875412064,86.4267349243164,46
8,0,1.034574514797511,1.034574514797511,140.07091522216797,46
9,0,0.9805544375502931,0.9805544375502931,244.37904357910156,46
10,0,0.9230881865987866,0.9230881865987866,470.87669372558594,46
11,0,0.8633696472948229,0.8633696472948229,965.5952453613281,46
12,0,0.8027816983354942,0.8027816983354942,2098.08349609375,46
13,9,0.7489311212062697,0.7671997726075899,2312.6602172851562,46
14,11,0.7267351622006185,0.754154525476294,3051.7578125,46
15,11,0.7047776815992515,0.7253827391888152,5245.208740234375,46
16,13,0.6897299343019275,0.7102336313905799,5626.678466796875,46
17,15,0.6734865144283344,0.6892638242065742,6961.822509765625,46
18,16,0.6626262360326545,0.6773356630339334,7629.39453125,46
19,16,0.6521160601219143,0.6762829039044995,11348.724365234375,46
20,19,0.6439785846853435,0.6699617813833102,11444.091796875,46
21,19,0.6370147288015122,0.6494268875739203,14305.11474609375,46
22,21,0.6281743503617003,0.6436575414219248,14114.3798828125,46
23,23,0.6210049058271936,0.6509795231359721,14495.849609375,46
24,22,0.6143764100077628,0.6249898831350166,21743.7744140625,46
25,25,0.6096382835615487,0.6287931458865162,23841.85791015625,46
26,23,0.6064646152588585,0.6228695285895267,32424.9267578125,46
27,23,0.5994315724047709,0.6171172737114661,35858.154296875,46
28,24,0.5969592314863523,0.6085204017451312,37765.5029296875,46
29,28,0.5916557450474588,0.6101054496589338,33950.8056640625,46
30,25,0.5876910066439758,0.5994874007215275,35858.154296875,46
0,0,1.2561119487386403,1.2561119487386403,20.86162567138672,47
1,0,1.2524774236913772,1.2524774236913772,20.86162567138672,47
2,0,1.2415989558082263,1.2415989558082263,23.096799850463867,47
3,0,1.2235561850684853,1.2235561850684853,26.82209014892578,47
4,0,1.198495789451586,1.198495789451586,32.03749656677246,47
5,0,1.166650933907636,1.166650933907636,41.72325134277344,47
6,0,1.128365908368662,1.128365908368662,58.11452865600586,47
7,0,1.084123875412064,1.084123875412064,86.4267349243164,47
8,0,1.034574514797511,1.034574514797511,140.07091522216797,47
9,0,0.9805544375502931,0.9805544375502931,244.37904357910156,47
10,0,0.9230881865987866,0.9230881865987866,470.87669372558594,47
11,0,0.8633696472948229,0.8633696472948229,965.5952453613281,47
12,0,0.8027816983354942,0.8027816983354942,2098.08349609375,47
13,9,0.7489311212062697,0.7671997726075899,2074.2416381835938,47
14,11,0.7267351622006185,0.754154525476294,2670.2880859375,47
15,11,0.7047776815992515,0.7253827391888152,4005.43212890625,47
16,13,0.6897299343019275,0.7102336313905799,5960.4644775390625,47
17,15,0.6734865144283344,0.6892638242065742,6341.9342041015625,47
18,16,0.6626262360326545,0.6773356630339334,8392.333984375,47
19,16,0.6521160601219143,0.6762829039044995,10871.88720703125,47
20,19,0.6439785846853435,0.6699617813833102,10395.050048828125,47
21,19,0.6370147288015122,0.6494268875739203,16593.93310546875,47
22,21,0.6281743503617003,0.6436575414219248,17356.87255859375,47
23,23,0.6210049058271936,0.6509795231359721,19454.9560546875,47
24,22,0.6143764100077628,0.6249898831350166,22888.18359375,47
25,25,0.6096382835615487,0.6287931458865162,22315.97900390625,47
26,23,0.6064646152588585,0.6228695285895267,25558.4716796875,47
27,23,0.5994315724047709,0.6171172737114661,35095.21484375,47
28,24,0.5969592314863523,0.6085204017451312,37765.5029296875,47
29,28,0.5916557450474588,0.6101054496589338,46539.306640625,47
30,25,0.5876910066439758,0.5994874007215275,43869.0185546875,47
0,0,1.2561119487386403,1.2561119487386403,20.86162567138672,48
1,0,1.2524774236913772,1.2524774236913772,20.86162567138672,48
2,0,1.2415989558082263,1.2415989558082263,23.096799850463867,48
3,0,1.2235561850684853,1.2235561850684853,26.82209014892578,48
4,0,1.198495789451586,1.198495789451586,32.03749656677246,48
5,0,1.166650933907636,1.166650933907636,41.72325134277344,48
6,0,1.128365908368662,1.128365908368662,58.11452865600586,48
7,0,1.084123875412064,1.084123875412064,86.4267349243164,48
8,0,1.034574514797511,1.034574514797511,140.07091522216797,48
9,0,0.9805544375502931,0.9805544375502931,244.37904357910156,48
10,0,0.9230881865987866,0.9230881865987866,470.87669372558594,48
11,0,0.8633696472948229,0.8633696472948229,965.5952453613281,48
12,0,0.8027816983354942,0.8027816983354942,2098.08349609375,48
13,9,0.7489311212062697,0.7671997726075899,1668.9300537109375,48
14,11,0.7267351622006185,0.754154525476294,2431.8695068359375,48
15,11,0.7047776815992515,0.7253827391888152,3910.064697265625,48
16,13,0.6897299343019275,0.7102336313905799,4625.3204345703125,48
17,15,0.6734865144283344,0.6892638242065742,7534.027099609375,48
18,16,0.6626262360326545,0.6773356630339334,7724.761962890625,48
19,16,0.6521160601219143,0.6762829039044995,9059.906005859375,48
20,19,0.6439785846853435,0.6699617813833102,10871.88720703125,48
21,19,0.6370147288015122,0.6494268875739203,14114.3798828125,48
22,21,0.6281743503617003,0.6436575414219248,16212.46337890625,48
23,23,0.6210049058271936,0.6509795231359721,25939.94140625,48
24,22,0.6143764100077628,0.6249898831350166,25177.001953125,48
25,25,0.6096382835615487,0.6287931458865162,27847.2900390625,48
26,23,0.6064646152588585,0.6228695285895267,22315.97900390625,48
27,23,0.5994315724047709,0.6171172737114661,27465.8203125,48
28,24,0.5969592314863523,0.6085204017451312,46157.8369140625,48
29,28,0.5916557450474588,0.6101054496589338,51879.8828125,48
30,25,0.5876910066439758,0.5994874007215275,51879.8828125,48
0,0,1.2561119487386403,1.2561119487386403,20.86162567138672,49
1,0,1.2524774236913772,1.2524774236913772,20.86162567138672,49
2,0,1.2415989558082263,1.2415989558082263,23.096799850463867,49
3,0,1.2235561850684853,1.2235561850684853,26.82209014892578,49
4,0,1.198495789451586,1.198495789451586,32.03749656677246,49
5,0,1.166650933907636,1.166650933907636,41.72325134277344,49
6,0,1.128365908368662,1.128365908368662,58.11452865600586,49
7,0,1.084123875412064,1.084123875412064,86.4267349243164,49
8,0,1.034574514797511,1.034574514797511,140.07091522216797,49
9,0,0.9805544375502931,0.9805544375502931,244.37904357910156,49
10,0,0.9230881865987866,0.9230881865987866,470.87669372558594,49
11,0,0.8633696472948229,0.8633696472948229,965.5952453613281,49
12,0,0.8027816983354942,0.8027816983354942,2098.08349609375,49
13,9,0.7489311212062697,0.7671997726075899,2145.7672119140625,49
14,11,0.7267351622006185,0.754154525476294,3051.7578125,49
15,11,0.7047776815992515,0.7253827391888152,4768.37158203125,49
16,13,0.6897299343019275,0.7102336313905799,4959.1064453125,49
17,15,0.6734865144283344,0.6892638242065742,5722.0458984375,49
18,16,0.6626262360326545,0.6773356630339334,7629.39453125,49
19,16,0.6521160601219143,0.6762829039044995,10776.519775390625,49
20,19,0.6439785846853435,0.6699617813833102,10681.15234375,49
21,19,0.6370147288015122,0.6494268875739203,9918.212890625,49
22,21,0.6281743503617003,0.6436575414219248,18692.0166015625,49
23,23,0.6210049058271936,0.6509795231359721,19454.9560546875,49
24,22,0.6143764100077628,0.6249898831350166,21743.7744140625,49
25,25,0.6096382835615487,0.6287931458865162,29182.43408203125,49
26,23,0.6064646152588585,0.6228695285895267,27465.8203125,49
27,23,0.5994315724047709,0.6171172737114661,33187.8662109375,49
28,24,0.5969592314863523,0.6085204017451312,36239.6240234375,49
29,28,0.5916557450474588,0.6101054496589338,34713.7451171875,49
30,25,0.5876910066439758,0.5994874007215275,42724.609375,49
0,0,1.2561119487386403,1.2561119487386403,20.86162567138672,50
1,0,1.2524774236913772,1.2524774236913772,20.86162567138672,50
2,0,1.2415989558082263,1.2415989558082263,23.096799850463867,50
3,0,1.2235561850684853,1.2235561850684853,26.82209014892578,50
4,0,1.198495789451586,1.198495789451586,32.03749656677246,50
5,0,1.166650933907636,1.166650933907636,41.72325134277344,50
6,0,1.128365908368662,1.128365908368662,58.11452865600586,50
7,0,1.084123875412064,1.084123875412064,86.4267349243164,50
8,0,1.034574514797511,1.034574514797511,140.07091522216797,50
9,0,0.9805544375502931,0.9805544375502931,244.37904357910156,50
10,0,0.9230881865987866,0.9230881865987866,470.87669372558594,50
11,0,0.8633696472948229,0.8633696472948229,965.5952453613281,50
12,0,0.8027816983354942,0.8027816983354942,2098.08349609375,50
13,9,0.7489311212062697,0.7671997726075899,2622.6043701171875,50
14,11,0.7267351622006185,0.754154525476294,2717.9718017578125,50
15,11,0.7047776815992515,0.7253827391888152,4100.799560546875,50
16,13,0.6897299343019275,0.7102336313905799,6055.8319091796875,50
17,15,0.6734865144283344,0.6892638242065742,7247.9248046875,50
18,16,0.6626262360326545,0.6773356630339334,8487.701416015625,50
19,16,0.6521160601219143,0.6762829039044995,8678.436279296875,50
20,19,0.6439785846853435,0.6699617813833102,16403.1982421875,50
21,19,0.6370147288015122,0.6494268875739203,13732.91015625,50
22,21,0.6281743503617003,0.6436575414219248,15640.2587890625,50
23,23,0.6210049058271936,0.6509795231359721,19836.42578125,50
24,22,0.6143764100077628,0.6249898831350166,21934.50927734375,50
25,25,0.6096382835615487,0.6287931458865162,29373.1689453125,50
26,23,0.6064646152588585,0.6228695285895267,27465.8203125,50
27,23,0.5994315724047709,0.6171172737114661,32424.9267578125,50
28,24,0.5969592314863523,0.6085204017451312,43106.0791015625,50
29,28,0.5916557450474588,0.6101054496589338,36621.09375,50
30,25,0.5876910066439758,0.5994874007215275,49591.064453125,50
