asp.mag,asp.effects,clim.sd,mean.lt.lam,max.lt.lam,seeds,rep
0,"-1.5,1",0,1.4690016331329865,1.4690016331329865,20.86162567138672,1
1,"-1.5,1",0,1.4618512875936605,1.4618512875936605,21.6066837310791,1
2,"-1.5,1",0,1.446659745675354,1.446659745675354,23.84185791015625,1
3,"-1.5,1",0,1.4226034890581554,1.4226034890581554,28.312206268310547,1
4,"-1.5,1",0,1.3880281389494795,1.3880281389494795,34.27267074584961,1
5,"-1.5,1",0,1.3435156318078072,1.3435156318078072,43.958425521850586,1
6,"-1.5,1",0,1.289938612240835,1.289938612240835,61.09476089477539,1
7,"-1.5,1",0,1.2281737838576847,1.2281737838576847,92.38719940185547,1
8,"-1.5,1",0,1.1593051049240672,1.1593051049240672,149.01161193847656,1
9,"-1.5,1",0,1.084769893809406,1.084769893809406,262.26043701171875,1
10,"-1.5,1",0,1.0064336342508728,1.0064336342508728,500.67901611328125,1
11,"-1.5,1",0,0.9266079148936788,0.9266079148936788,1025.1998901367188,1
12,"-1.5,1",0,0.8479769511081571,0.8479769511081571,2241.1346435546875,1
13,"-1.5,1",8,0.7984019823759227,0.8228414002529493,2765.655517578125,1
14,"-1.5,1",11,0.7634242720874097,0.7888885815644369,4863.739013671875,1
15,"-1.5,1",14,0.7390402442182736,0.7831771023756955,7915.496826171875,1
16,"-1.5,1",15,0.7225272823348936,0.7605176517550184,10871.88720703125,1
17,"-1.5,1",14,0.7066541658478123,0.7298128460841821,5626.678466796875,1
18,"-1.5,1",18,0.6883675218455316,0.7168328664490929,14114.3798828125,1
19,"-1.5,1",17,0.6796424403953044,0.7150016467446426,13351.4404296875,1
20,"-1.5,1",18,0.6657801014184855,0.6865559333930775,14877.3193359375,1
21,"-1.5,1",21,0.6592887992597328,0.6978033288951662,18692.0166015625,1
22,"-1.5,1",19,0.645811976589663,0.6711768052075419,22125.244140625,1
23,"-1.5,1",21,0.6432259793087789,0.6646267348114462,41961.669921875,1
24,"-1.5,1",18,0.633852777369587,0.6587461894679241,39672.8515625,1
25,"-1.5,1",27,0.6268460093084799,0.6536283934954165,44631.9580078125,1
26,"-1.5,1",23,0.6227222107623736,0.6406776231197315,33569.3359375,1
27,"-1.5,1",24,0.6186297049556186,0.6464015528196957,51116.943359375,1
28,"-1.5,1",26,0.6183360184870181,0.6465425272847928,54931.640625,1
29,"-1.5,1",28,0.6090459884516236,0.6499536026521625,49209.5947265625,1
30,"-1.5,1",28,0.6011889395199508,0.6234486690150027,56457.51953125,1
0,"-1.5,1",0,1.4690016331329865,1.4690016331329865,20.86162567138672,2
1,"-1.5,1",0,1.4618512875936605,1.4618512875936605,21.6066837310791,2
2,"-1.5,1",0,1.446659745675354,1.446659745675354,23.84185791015625,2
3,"-1.5,1",0,1.4226034890581554,1.4226034890581554,28.312206268310547,2
4,"-1.5,1",0,1.3880281389494795,1.3880281389494795,34.27267074584961,2
5,"-1.5,1",0,1.3435156318078072,1.3435156318078072,43.958425521850586,2
6,"-1.5,1",0,1.289938612240835,1.289938612240835,61.09476089477539,2
7,"-1.5,1",0,1.2281737838576847,1.2281737838576847,92.38719940185547,2
8,"-1.5,1",0,1.1593051049240672,1.1593051049240672,149.01161193847656,2
9,"-1.5,1",0,1.084769893809406,1.084769893809406,262.26043701171875,2
10,"-1.5,1",0,1.0064336342508728,1.0064336342508728,500.67901611328125,2
11,"-1.5,1",0,0.9266079148936788,0.9266079148936788,1025.1998901367188,2
12,"-1.5,1",0,0.8479769511081571,0.8479769511081571,2241.1346435546875,2
13,"-1.5,1",8,0.7984019823759227,0.8228414002529493,2884.8648071289062,2
14,"-1.5,1",11,0.7634242720874097,0.7888885815644369,4768.37158203125,2
15,"-1.5,1",14,0.7390402442182736,0.7831771023756955,4291.534423828125,2
16,"-1.5,1",15,0.7225272823348936,0.7605176517550184,8964.53857421875,2
17,"-1.5,1",14,0.7066541658478123,0.7298128460841821,6198.883056640625,2
18,"-1.5,1",18,0.6883675218455316,0.7168328664490929,12016.29638671875,2
19,"-1.5,1",17,0.6796424403953044,0.7150016467446426,14686.58447265625,2
20,"-1.5,1",18,0.6657801014184855,0.6865559333930775,19073.486328125,2
21,"-1.5,1",21,0.6592887992597328,0.6978033288951662,28610.2294921875,2
22,"-1.5,1",19,0.645811976589663,0.6711768052075419,20599.365234375,2
23,"-1.5,1",21,0.6432259793087789,0.6646267348114462,31852.72216796875,2
24,"-1.5,1",18,0.633852777369587,0.6587461894679241,35476.6845703125,2
25,"-1.5,1",27,0.6268460093084799,0.6536283934954165,39291.3818359375,2
26,"-1.5,1",23,0.6227222107623736,0.6406776231197315,57220.458984375,2
27,"-1.5,1",24,0.6186297049556186,0.6464015528196957,63705.4443359375,2
28,"-1.5,1",26,0.6183360184870181,0.6465425272847928,48828.125,2
29,"-1.5,1",28,0.6090459884516236,0.6499536026521625,54931.640625,2
30,"-1.5,1",28,0.6011889395199508,0.6234486690150027,102233.88671875,2
0,"-1.5,1",0,1.4690016331329865,1.4690016331329865,20.86162567138672,3
1,"-1.5,1",0,1.4618512875936605,1.4618512875936605,21.6066837310791,3
2,"-1.5,1",0,1.446659745675354,1.446659745675354,23.84185791015625,3
3,"-1.5,1",0,1.4226034890581554,1.4226034890581554,28.312206268310547,3
4,"-1.5,1",0,1.3880281389494795,1.3880281389494795,34.27267074584961,3
5,"-1.5,1",0,1.3435156318078072,1.3435156318078072,43.958425521850586,3
6,"-1.5,1",0,1.289938612240835,1.289938612240835,61.09476089477539,3
7,"-1.5,1",0,1.2281737838576847,1.2281737838576847,92.38719940185547,3
8,"-1.5,1",0,1.1593051049240672,1.1593051049240672,149.01161193847656,3
9,"-1.5,1",0,1.084769893809406,1.084769893809406,262.26043701171875,3
10,"-1.5,1",0,1.0064336342508728,1.0064336342508728,500.67901611328125,3
11,"-1.5,1",0,0.9266079148936788,0.9266079148936788,1025.1998901367188,3
12,"-1.5,1",0,0.8479769511081571,0.8479769511081571,2241.1346435546875,3
13,"-1.5,1",8,0.7984019823759227,0.8228414002529493,3266.3345336914062,3
14,"-1.5,1",11,0.7634242720874097,0.7888885815644369,4148.4832763671875,3
15,"-1.5,1",14,0.7390402442182736,0.7831771023756955,5865.0970458984375,3
16,"-1.5,1",15,0.7225272823348936,0.7605176517550184,5912.78076171875,3
17,"-1.5,1",14,0.7066541658478123,0.7298128460841821,7534.027099609375,3
18,"-1.5,1",18,0.6883675218455316,0.7168328664490929,10108.94775390625,3
19,"-1.5,1",17,0.6796424403953044,0.7150016467446426,10871.88720703125,3
20,"-1.5,1",18,0.6657801014184855,0.6865559333930775,16975.40283203125,3
21,"-1.5,1",21,0.6592887992597328,0.6978033288951662,20408.63037109375,3
22,"-1.5,1",19,0.645811976589663,0.6711768052075419,20980.8349609375,3
23,"-1.5,1",21,0.6432259793087789,0.6646267348114462,30136.1083984375,3
24,"-1.5,1",18,0.633852777369587,0.6587461894679241,15068.05419921875,3
25,"-1.5,1",27,0.6268460093084799,0.6536283934954165,36239.6240234375,3
26,"-1.5,1",23,0.6227222107623736,0.6406776231197315,48828.125,3
27,"-1.5,1",24,0.6186297049556186,0.6464015528196957,43869.0185546875,3
28,"-1.5,1",26,0.6183360184870181,0.6465425272847928,46920.7763671875,3
29,"-1.5,1",28,0.6090459884516236,0.6499536026521625,49209.5947265625,3
30,"-1.5,1",28,0.6011889395199508,0.6234486690150027,74005.126953125,3
0,"-1.5,1",0,1.4690016331329865,1.4690016331329865,20.86162567138672,4
1,"-1.5,1",0,1.4618512875936605,1.4618512875936605,21.6066837310791,4
2,"-1.5,1",0,1.446659745675354,1.446659745675354,23.84185791015625,4
3,"-1.5,1",0,1.4226034890581554,1.4226034890581554,28.312206268310547,4
4,"-1.5,1",0,1.3880281389494795,1.3880281389494795,34.27267074584961,4
5,"-1.5,1",0,1.3435156318078072,1.3435156318078072,43.958425521850586,4
6,"-1.5,1",0,1.289938612240835,1.289938612240835,61.09476089477539,4
7,"-1.5,1",0,1.2281737838576847,1.2281737838576847,92.38719940185547,4
8,"-1.5,1",0,1.1593051049240672,1.1593051049240672,149.01161193847656,4
9,"-1.5,1",0,1.084769893809406,1.084769893809406,262.26043701171875,4
10,"-1.5,1",0,1.0064336342508728,1.0064336342508728,500.67901611328125,4
11,"-1.5,1",0,0.9266079148936788,0.9266079148936788,1025.1998901367188,4
12,"-1.5,1",0,0.8479769511081571,0.8479769511081571,2241.1346435546875,4
13,"-1.5,1",8,0.7984019823759227,0.8228414002529493,4196.1669921875,4
14,"-1.5,1",11,0.7634242720874097,0.7888885815644369,3528.594970703125,4
15,"-1.5,1",14,0.7390402442182736,0.7831771023756955,6914.1387939453125,4
16,"-1.5,1",15,0.7225272823348936,0.7605176517550184,6771.087646484375,4
17,"-1.5,1",14,0.7066541658478123,0.7298128460841821,10490.41748046875,4
18,"-1.5,1",18,0.6883675218455316,0.7168328664490929,12779.23583984375,4
19,"-1.5,1",17,0.6796424403953044,0.7150016467446426,14114.3798828125,4
20,"-1.5,1",18,0.6657801014184855,0.6865559333930775,16212.46337890625,4
21,"-1.5,1",21,0.6592887992597328,0.6978033288951662,25367.73681640625,4
22,"-1.5,1",19,0.645811976589663,0.6711768052075419,28228.759765625,4
23,"-1.5,1",21,0.6432259793087789,0.6646267348114462,19645.69091796875,4
24,"-1.5,1",18,0.633852777369587,0.6587461894679241,38909.912109375,4
25,"-1.5,1",27,0.6268460093084799,0.6536283934954165,48828.125,4
26,"-1.5,1",23,0.6227222107623736,0.6406776231197315,41198.73046875,4
27,"-1.5,1",24,0.6186297049556186,0.6464015528196957,37765.5029296875,4
28,"-1.5,1",26,0.6183360184870181,0.6465425272847928,61798.095703125,4
29,"-1.5,1",28,0.6090459884516236,0.6499536026521625,86975.09765625,4
30,"-1.5,1",28,0.6011889395199508,0.6234486690150027,92315.673828125,4
0,"-1.5,1",0,1.4690016331329865,1.4690016331329865,20.86162567138672,5
1,"-1.5,1",0,1.4618512875936605,1.4618512875936605,21.6066837310791,5
2,"-1.5,1",0,1.446659745675354,1.446659745675354,23.84185791015625,5
3,"-1.5,1",0,1.4226034890581554,1.4226034890581554,28.312206268310547,5
4,"-1.5,1",0,1.3880281389494795,1.3880281389494795,34.27267074584961,5
5,"-1.5,1",0,1.3435156318078072,1.3435156318078072,43.958425521850586,5
6,"-1.5,1",0,1.289938612240835,1.289938612240835,61.09476089477539,5
7,"-1.5,1",0,1.2281737838576847,1.2281737838576847,92.38719940185547,5
8,"-1.5,1",0,1.1593051049240672,1.1593051049240672,149.01161193847656,5
9,"-1.5,1",0,1.084769893809406,1.084769893809406,262.26043701171875,5
10,"-1.5,1",0,1.0064336342508728,1.0064336342508728,500.67901611328125,5
11,"-1.5,1",0,0.9266079148936788,0.9266079148936788,1025.1998901367188,5
12,"-1.5,1",0,0.8479769511081571,0.8479769511081571,2241.1346435546875,5
13,"-1.5,1",8,0.7984019823759227,0.8228414002529493,4434.5855712890625,5
14,"-1.5,1",11,0.7634242720874097,0.7888885815644369,5435.943603515625,5
15,"-1.5,1",14,0.7390402442182736,0.7831771023756955,4434.5855712890625,5
16,"-1.5,1",15,0.7225272823348936,0.7605176517550184,10585.784912109375,5
17,"-1.5,1",14,0.7066541658478123,0.7298128460841821,12588.5009765625,5
18,"-1.5,1",18,0.6883675218455316,0.7168328664490929,14114.3798828125,5
19,"-1.5,1",17,0.6796424403953044,0.7150016467446426,18310.546875,5
20,"-1.5,1",18,0.6657801014184855,0.6865559333930775,19454.9560546875,5
21,"-1.5,1",21,0.6592887992597328,0.6978033288951662,27465.8203125,5
22,"-1.5,1",19,0.645811976589663,0.6711768052075419,41198.73046875,5
23,"-1.5,1",21,0.6432259793087789,0.6646267348114462,26702.880859375,5
24,"-1.5,1",18,0.633852777369587,0.6587461894679241,56076.0498046875,5
25,"-1.5,1",27,0.6268460093084799,0.6536283934954165,38909.912109375,5
26,"-1.5,1",23,0.6227222107623736,0.6406776231197315,30899.0478515625,5
27,"-1.5,1",24,0.6186297049556186,0.6464015528196957,43106.0791015625,5
28,"-1.5,1",26,0.6183360184870181,0.6465425272847928,38528.4423828125,5
29,"-1.5,1",28,0.6090459884516236,0.6499536026521625,41198.73046875,5
30,"-1.5,1",28,0.6011889395199508,0.6234486690150027,60272.216796875,5
0,"-1.5,1",0,1.4690016331329865,1.4690016331329865,20.86162567138672,6
1,"-1.5,1",0,1.4618512875936605,1.4618512875936605,21.6066837310791,6
2,"-1.5,1",0,1.446659745675354,1.446659745675354,23.84185791015625,6
3,"-1.5,1",0,1.4226034890581554,1.4226034890581554,28.312206268310547,6
4,"-1.5,1",0,1.3880281389494795,1.3880281389494795,34.27267074584961,6
5,"-1.5,1",0,1.3435156318078072,1.3435156318078072,43.958425521850586,6
6,"-1.5,1",0,1.289938612240835,1.289938612240835,61.09476089477539,6
7,"-1.5,1",0,1.2281737838576847,1.2281737838576847,92.38719940185547,6
8,"-1.5,1",0,1.1593051049240672,1.1593051049240672,149.01161193847656,6
9,"-1.5,1",0,1.084769893809406,1.084769893809406,262.26043701171875,6
10,"-1.5,1",0,1.0064336342508728,1.0064336342508728,500.67901611328125,6
11,"-1.5,1",0,0.9266079148936788,0.9266079148936788,1025.1998901367188,6
12,"-1.5,1",0,0.8479769511081571,0.8479769511081571,2241.1346435546875,6
13,"-1.5,1",8,0.7984019823759227,0.8228414002529493,5626.678466796875,6
14,"-1.5,1",11,0.7634242720874097,0.7888885815644369,6771.087646484375,6
15,"-1.5,1",14,0.7390402442182736,0.7831771023756955,5722.0458984375,6
16,"-1.5,1",15,0.7225272823348936,0.7605176517550184,5626.678466796875,6
17,"-1.5,1",14,0.7066541658478123,0.7298128460841821,13732.91015625,6
18,"-1.5,1",18,0.6883675218455316,0.7168328664490929,16975.40283203125,6
19,"-1.5,1",17,0.6796424403953044,0.7150016467446426,19645.69091796875,6
20,"-1.5,1",18,0.6657801014184855,0.6865559333930775,19454.9560546875,6
21,"-1.5,1",21,0.6592887992597328,0.6978033288951662,24414.0625,6
22,"-1.5,1",19,0.645811976589663,0.6711768052075419,28228.759765625,6
23,"-1.5,1",21,0.6432259793087789,0.6646267348114462,33569.3359375,6
24,"-1.5,1",18,0.633852777369587,0.6587461894679241,49591.064453125,6
25,"-1.5,1",27,0.6268460093084799,0.6536283934954165,35858.154296875,6
26,"-1.5,1",23,0.6227222107623736,0.6406776231197315,23460.38818359375,6
27,"-1.5,1",24,0.6186297049556186,0.6464015528196957,47302.24609375,6
28,"-1.5,1",26,0.6183360184870181,0.6465425272847928,63323.974609375,6
29,"-1.5,1",28,0.6090459884516236,0.6499536026521625,54168.701171875,6
30,"-1.5,1",28,0.6011889395199508,0.6234486690150027,62561.03515625,6
0,"-1.5,1",0,1.4690016331329865,1.4690016331329865,20.86162567138672,7
1,"-1.5,1",0,1.4618512875936605,1.4618512875936605,21.6066837310791,7
2,"-1.5,1",0,1.446659745675354,1.446659745675354,23.84185791015625,7
3,"-1.5,1",0,1.4226034890581554,1.4226034890581554,28.312206268310547,7
4,"-1.5,1",0,1.3880281389494795,1.3880281389494795,34.27267074584961,7
5,"-1.5,1",0,1.3435156318078072,1.3435156318078072,43.958425521850586,7
6,"-1.5,1",0,1.289938612240835,1.289938612240835,61.09476089477539,7
7,"-1.5,1",0,1.2281737838576847,1.2281737838576847,92.38719940185547,7
8,"-1.5,1",0,1.1593051049240672,1.1593051049240672,149.01161193847656,7
9,"-1.5,1",0,1.084769893809406,1.084769893809406,262.26043701171875,7
10,"-1.5,1",0,1.0064336342508728,1.0064336342508728,500.67901611328125,7
11,"-1.5,1",0,0.9266079148936788,0.9266079148936788,1025.1998901367188,7
12,"-1.5,1",0,0.8479769511081571,0.8479769511081571,2241.1346435546875,7
13,"-1.5,1",8,0.7984019823759227,0.8228414002529493,3242.49267578125,7
14,"-1.5,1",11,0.7634242720874097,0.7888885815644369,6055.8319091796875,7
15,"-1.5,1",14,0.7390402442182736,0.7831771023756955,5722.0458984375,7
16,"-1.5,1",15,0.7225272823348936,0.7605176517550184,10108.94775390625,7
17,"-1.5,1",14,0.7066541658478123,0.7298128460841821,15830.99365234375,7
18,"-1.5,1",18,0.6883675218455316,0.7168328664490929,11539.459228515625,7
19,"-1.5,1",17,0.6796424403953044,0.7150016467446426,11920.928955078125,7
20,"-1.5,1",18,0.6657801014184855,0.6865559333930775,17738.34228515625,7
21,"-1.5,1",21,0.6592887992597328,0.6978033288951662,26893.61572265625,7
22,"-1.5,1",19,0.645811976589663,0.6711768052075419,26321.4111328125,7
23,"-1.5,1",21,0.6432259793087789,0.6646267348114462,42343.1396484375,7
24,"-1.5,1",18,0.633852777369587,0.6587461894679241,31280.517578125,7
25,"-1.5,1",27,0.6268460093084799,0.6536283934954165,42343.1396484375,7
26,"-1.5,1",23,0.6227222107623736,0.6406776231197315,77056.884765625,7
27,"-1.5,1",24,0.6186297049556186,0.6464015528196957,41961.669921875,7
28,"-1.5,1",26,0.6183360184870181,0.6465425272847928,76293.9453125,7
29,"-1.5,1",28,0.6090459884516236,0.6499536026521625,55694.580078125,7
30,"-1.5,1",28,0.6011889395199508,0.6234486690150027,63323.974609375,7
0,"-1.5,1",0,1.4690016331329865,1.4690016331329865,20.86162567138672,8
1,"-1.5,1",0,1.4618512875936605,1.4618512875936605,21.6066837310791,8
2,"-1.5,1",0,1.446659745675354,1.446659745675354,23.84185791015625,8
3,"-1.5,1",0,1.4226034890581554,1.4226034890581554,28.312206268310547,8
4,"-1.5,1",0,1.3880281389494795,1.3880281389494795,34.27267074584961,8
5,"-1.5,1",0,1.3435156318078072,1.3435156318078072,43.958425521850586,8
6,"-1.5,1",0,1.289938612240835,1.289938612240835,61.09476089477539,8
7,"-1.5,1",0,1.2281737838576847,1.2281737838576847,92.38719940185547,8
8,"-1.5,1",0,1.1593051049240672,1.1593051049240672,149.01161193847656,8
9,"-1.5,1",0,1.084769893809406,1.084769893809406,262.26043701171875,8
10,"-1.5,1",0,1.0064336342508728,1.0064336342508728,500.67901611328125,8
11,"-1.5,1",0,0.9266079148936788,0.9266079148936788,1025.1998901367188,8
12,"-1.5,1",0,0.8479769511081571,0.8479769511081571,2241.1346435546875,8
13,"-1.5,1",8,0.7984019823759227,0.8228414002529493,4529.9530029296875,8
14,"-1.5,1",11,0.7634242720874097,0.7888885815644369,4911.4227294921875,8
15,"-1.5,1",14,0.7390402442182736,0.7831771023756955,5865.0970458984375,8
16,"-1.5,1",15,0.7225272823348936,0.7605176517550184,12969.970703125,8
17,"-1.5,1",14,0.7066541658478123,0.7298128460841821,9155.2734375,8
18,"-1.5,1",18,0.6883675218455316,0.7168328664490929,11444.091796875,8
19,"-1.5,1",17,0.6796424403953044,0.7150016467446426,23651.123046875,8
20,"-1.5,1",18,0.6657801014184855,0.6865559333930775,19836.42578125,8
21,"-1.5,1",21,0.6592887992597328,0.6978033288951662,20217.8955078125,8
22,"-1.5,1",19,0.645811976589663,0.6711768052075419,31280.517578125,8
23,"-1.5,1",21,0.6432259793087789,0.6646267348114462,19454.9560546875,8
24,"-1.5,1",18,0.633852777369587,0.6587461894679241,39291.3818359375,8
25,"-1.5,1",27,0.6268460093084799,0.6536283934954165,54168.701171875,8
26,"-1.5,1",23,0.6227222107623736,0.6406776231197315,51879.8828125,8
27,"-1.5,1",24,0.6186297049556186,0.6464015528196957,66375.732421875,8
28,"-1.5,1",26,0.6183360184870181,0.6465425272847928,39672.8515625,8
29,"-1.5,1",28,0.6090459884516236,0.6499536026521625,57983.3984375,8
30,"-1.5,1",28,0.6011889395199508,0.6234486690150027,49591.064453125,8
0,"-1.5,1",0,1.4690016331329865,1.4690016331329865,20.86162567138672,9
1,"-1.5,1",0,1.4618512875936605,1.4618512875936605,21.6066837310791,9
2,"-1.5,1",0,1.446659745675354,1.446659745675354,23.84185791015625,9
3,"-1.5,1",0,1.4226034890581554,1.4226034890581554,28.312206268310547,9
4,"-1.5,1",0,1.3880281389494795,1.3880281389494795,34.27267074584961,9
5,"-1.5,1",0,1.3435156318078072,1.3435156318078072,43.958425521850586,9
6,"-1.5,1",0,1.289938612240835,1.289938612240835,61.09476089477539,9
7,"-1.5,1",0,1.2281737838576847,1.2281737838576847,92.38719940185547,9
8,"-1.5,1",0,1.1593051049240672,1.1593051049240672,149.01161193847656,9
9,"-1.5,1",0,1.084769893809406,1.084769893809406,262.26043701171875,9
10,"-1.5,1",0,1.0064336342508728,1.0064336342508728,500.67901611328125,9
11,"-1.5,1",0,0.9266079148936788,0.9266079148936788,1025.1998901367188,9
12,"-1.5,1",0,0.8479769511081571,0.8479769511081571,2241.1346435546875,9
13,"-1.5,1",8,0.7984019823759227,0.8228414002529493,3194.8089599609375,9
14,"-1.5,1",11,0.7634242720874097,0.7888885815644369,4005.43212890625,9
15,"-1.5,1",14,0.7390402442182736,0.7831771023756955,7534.027099609375,9
16,"-1.5,1",15,0.7225272823348936,0.7605176517550184,9822.845458984375,9
17,"-1.5,1",14,0.7066541658478123,0.7298128460841821,12683.868408203125,9
18,"-1.5,1",18,0.6883675218455316,0.7168328664490929,13542.17529296875,9
19,"-1.5,1",17,0.6796424403953044,0.7150016467446426,15258.7890625,9
20,"-1.5,1",18,0.6657801014184855,0.6865559333930775,19454.9560546875,9
21,"-1.5,1",21,0.6592887992597328,0.6978033288951662,12016.29638671875,9
22,"-1.5,1",19,0.645811976589663,0.6711768052075419,30326.84326171875,9
23,"-1.5,1",21,0.6432259793087789,0.6646267348114462,51879.8828125,9
24,"-1.5,1",18,0.633852777369587,0.6587461894679241,52642.822265625,9
25,"-1.5,1",27,0.6268460093084799,0.6536283934954165,28800.96435546875,9
26,"-1.5,1",23,0.6227222107623736,0.6406776231197315,45013.427734375,9
27,"-1.5,1",24,0.6186297049556186,0.6464015528196957,29373.1689453125,9
28,"-1.5,1",26,0.6183360184870181,0.6465425272847928,54168.701171875,9
29,"-1.5,1",28,0.6090459884516236,0.6499536026521625,42343.1396484375,9
30,"-1.5,1",28,0.6011889395199508,0.6234486690150027,83160.400390625,9
0,"-1.5,1",0,1.4690016331329865,1.4690016331329865,20.86162567138672,10
1,"-1.5,1",0,1.4618512875936605,1.4618512875936605,21.6066837310791,10
2,"-1.5,1",0,1.446659745675354,1.446659745675354,23.84185791015625,10
3,"-1.5,1",0,1.4226034890581554,1.4226034890581554,28.312206268310547,10
4,"-1.5,1",0,1.3880281389494795,1.3880281389494795,34.27267074584961,10
5,"-1.5,1",0,1.3435156318078072,1.3435156318078072,43.958425521850586,10
6,"-1.5,1",0,1.289938612240835,1.289938612240835,61.09476089477539,10
7,"-1.5,1",0,1.2281737838576847,1.2281737838576847,92.38719940185547,10
8,"-1.5,1",0,1.1593051049240672,1.1593051049240672,149.01161193847656,10
9,"-1.5,1",0,1.084769893809406,1.084769893809406,262.26043701171875,10
10,"-1.5,1",0,1.0064336342508728,1.0064336342508728,500.67901611328125,10
11,"-1.5,1",0,0.9266079148936788,0.9266079148936788,1025.1998901367188,10
12,"-1.5,1",0,0.8479769511081571,0.8479769511081571,2241.1346435546875,10
13,"-1.5,1",8,0.7984019823759227,0.8228414002529493,3242.49267578125,10
14,"-1.5,1",11,0.7634242720874097,0.7888885815644369,3528.594970703125,10
15,"-1.5,1",14,0.7390402442182736,0.7831771023756955,6914.1387939453125,10
16,"-1.5,1",15,0.7225272823348936,0.7605176517550184,11062.6220703125,10
17,"-1.5,1",14,0.7066541658478123,0.7298128460841821,8583.06884765625,10
18,"-1.5,1",18,0.6883675218455316,0.7168328664490929,13732.91015625,10
19,"-1.5,1",17,0.6796424403953044,0.7150016467446426,15068.05419921875,10
20,"-1.5,1",18,0.6657801014184855,0.6865559333930775,26321.4111328125,10
21,"-1.5,1",21,0.6592887992597328,0.6978033288951662,32806.396484375,10
22,"-1.5,1",19,0.645811976589663,0.6711768052075419,23078.91845703125,10
23,"-1.5,1",21,0.6432259793087789,0.6646267348114462,30136.1083984375,10
24,"-1.5,1",18,0.633852777369587,0.6587461894679241,38146.97265625,10
25,"-1.5,1",27,0.6268460093084799,0.6536283934954165,26130.67626953125,10
26,"-1.5,1",23,0.6227222107623736,0.6406776231197315,40054.3212890625,10
27,"-1.5,1",24,0.6186297049556186,0.6464015528196957,40435.791015625,10
28,"-1.5,1",26,0.6183360184870181,0.6465425272847928,53405.76171875,10
29,"-1.5,1",28,0.6090459884516236,0.6499536026521625,35095.21484375,10
30,"-1.5,1",28,0.6011889395199508,0.6234486690150027,56457.51953125,10
0,"-1.5,1",0,1.4690016331329865,1.4690016331329865,20.86162567138672,11
1,"-1.5,1",0,1.4618512875936605,1.4618512875936605,21.6066837310791,11
2,"-1.5,1",0,1.446659745675354,1.446659745675354,23.84185791015625,11
3,"-1.5,1",0,1.4226034890581554,1.4226034890581554,28.312206268310547,11
4,"-1.5,1",0,1.3880281389494795,1.3880281389494795,34.27267074584961,11
5,"-1.5,1",0,1.3435156318078072,1.3435156318078072,43.958425521850586,11
6,"-1.5,1",0,1.289938612240835,1.289938612240835,61.09476089477539,11
7,"-1.5,1",0,1.2281737838576847,1.2281737838576847,92.38719940185547,11
8,"-1.5,1",0,1.1593051049240672,1.1593051049240672,149.01161193847656,11
9,"-1.5,1",0,1.084769893809406,1.084769893809406,262.26043701171875,11
10,"-1.5,1",0,1.0064336342508728,1.0064336342508728,500.67901611328125,11
11,"-1.5,1",0,0.9266079148936788,0.9266079148936788,1025.1998901367188,11
12,"-1.5,1",0,0.8479769511081571,0.8479769511081571,2241.1346435546875,11
13,"-1.5,1",8,0.7984019823759227,0.8228414002529493,3623.96240234375,11
14,"-1.5,1",11,0.7634242720874097,0.7888885815644369,5817.413330078125,11
15,"-1.5,1",14,0.7390402442182736,0.7831771023756955,8201.59912109375,11
16,"-1.5,1",15,0.7225272823348936,0.7605176517550184,8487.701416015625,11
17,"-1.5,1",14,0.7066541658478123,0.7298128460841821,8392.333984375,11
18,"-1.5,1",18,0.6883675218455316,0.7168328664490929,11348.724365234375,11
19,"-1.5,1",17,0.6796424403953044,0.7150016467446426,13160.70556640625,11
20,"-1.5,1",18,0.6657801014184855,0.6865559333930775,10204.315185546875,11
21,"-1.5,1",21,0.6592887992597328,0.6978033288951662,18119.81201171875,11
22,"-1.5,1",19,0.645811976589663,0.6711768052075419,33569.3359375,11
23,"-1.5,1",21,0.6432259793087789,0.6646267348114462,38909.912109375,11
24,"-1.5,1",18,0.633852777369587,0.6587461894679241,59509.27734375,11
25,"-1.5,1",27,0.6268460093084799,0.6536283934954165,64086.9140625,11
26,"-1.5,1",23,0.6227222107623736,0.6406776231197315,46539.306640625,11
27,"-1.5,1",24,0.6186297049556186,0.6464015528196957,43487.548828125,11
28,"-1.5,1",26,0.6183360184870181,0.6465425272847928,62561.03515625,11
29,"-1.5,1",28,0.6090459884516236,0.6499536026521625,40435.791015625,11
30,"-1.5,1",28,0.6011889395199508,0.6234486690150027,58746.337890625,11
0,"-1.5,1",0,1.4690016331329865,1.4690016331329865,20.86162567138672,12
1,"-1.5,1",0,1.4618512875936605,1.4618512875936605,21.6066837310791,12
2,"-1.5,1",0,1.446659745675354,1.446659745675354,23.84185791015625,12
3,"-1.5,1",0,1.4226034890581554,1.4226034890581554,28.312206268310547,12
4,"-1.5,1",0,1.3880281389494795,1.3880281389494795,34.27267074584961,12
5,"-1.5,1",0,1.3435156318078072,1.3435156318078072,43.958425521850586,12
6,"-1.5,1",0,1.289938612240835,1.289938612240835,61.09476089477539,12
7,"-1.5,1",0,1.2281737838576847,1.2281737838576847,92.38719940185547,12
8,"-1.5,1",0,1.1593051049240672,1.1593051049240672,149.01161193847656,12
9,"-1.5,1",0,1.084769893809406,1.084769893809406,262.26043701171875,12
10,"-1.5,1",0,1.0064336342508728,1.0064336342508728,500.67901611328125,12
11,"-1.5,1",0,0.9266079148936788,0.9266079148936788,1025.1998901367188,12
12,"-1.5,1",0,0.8479769511081571,0.8479769511081571,2241.1346435546875,12
13,"-1.5,1",8,0.7984019823759227,0.8228414002529493,3862.3809814453125,12
14,"-1.5,1",11,0.7634242720874097,0.7888885815644369,3814.697265625,12
15,"-1.5,1",14,0.7390402442182736,0.7831771023756955,5340.576171875,12
16,"-1.5,1",15,0.7225272823348936,0.7605176517550184,8106.231689453125,12
17,"-1.5,1",14,0.7066541658478123,0.7298128460841821,9918.212890625,12
18,"-1.5,1",18,0.6883675218455316,0.7168328664490929,12016.29638671875,12
19,"-1.5,1",17,0.6796424403953044,0.7150016467446426,16403.1982421875,12
20,"-1.5,1",18,0.6657801014184855,0.6865559333930775,13351.4404296875,12
21,"-1.5,1",21,0.6592887992597328,0.6978033288951662,19264.22119140625,12
22,"-1.5,1",19,0.645811976589663,0.6711768052075419,36621.09375,12
23,"-1.5,1",21,0.6432259793087789,0.6646267348114462,28419.49462890625,12
24,"-1.5,1",18,0.633852777369587,0.6587461894679241,45776.3671875,12
25,"-1.5,1",27,0.6268460093084799,0.6536283934954165,33187.8662109375,12
26,"-1.5,1",23,0.6227222107623736,0.6406776231197315,45776.3671875,12
27,"-1.5,1",24,0.6186297049556186,0.6464015528196957,41580.2001953125,12
28,"-1.5,1",26,0.6183360184870181,0.6465425272847928,34332.275390625,12
29,"-1.5,1",28,0.6090459884516236,0.6499536026521625,63323.974609375,12
30,"-1.5,1",28,0.6011889395199508,0.6234486690150027,83923.33984375,12
0,"-1.5,1",0,1.4690016331329865,1.4690016331329865,20.86162567138672,13
1,"-1.5,1",0,1.4618512875936605,1.4618512875936605,21.6066837310791,13
2,"-1.5,1",0,1.446659745675354,1.446659745675354,23.84185791015625,13
3,"-1.5,1",0,1.4226034890581554,1.4226034890581554,28.312206268310547,13
4,"-1.5,1",0,1.3880281389494795,1.3880281389494795,34.27267074584961,13
5,"-1.5,1",0,1.3435156318078072,1.3435156318078072,43.958425521850586,13
6,"-1.5,1",0,1.289938612240835,1.289938612240835,61.09476089477539,13
7,"-1.5,1",0,1.2281737838576847,1.2281737838576847,92.38719940185547,13
8,"-1.5,1",0,1.1593051049240672,1.1593051049240672,149.01161193847656,13
9,"-1.5,1",0,1.084769893809406,1.084769893809406,262.26043701171875,13
10,"-1.5,1",0,1.0064336342508728,1.0064336342508728,500.67901611328125,13
11,"-1.5,1",0,0.9266079148936788,0.9266079148936788,1025.1998901367188,13
12,"-1.5,1",0,0.8479769511081571,0.8479769511081571,2241.1346435546875,13
13,"-1.5,1",8,0.7984019823759227,0.8228414002529493,3433.2275390625,13
14,"-1.5,1",11,0.7634242720874097,0.7888885815644369,5340.576171875,13
15,"-1.5,1",14,0.7390402442182736,0.7831771023756955,7247.9248046875,13
16,"-1.5,1",15,0.7225272823348936,0.7605176517550184,9441.375732421875,13
17,"-1.5,1",14,0.7066541658478123,0.7298128460841821,9536.7431640625,13
18,"-1.5,1",18,0.6883675218455316,0.7168328664490929,10395.050048828125,13
19,"-1.5,1",17,0.6796424403953044,0.7150016467446426,14495.849609375,13
20,"-1.5,1",18,0.6657801014184855,0.6865559333930775,12207.03125,13
21,"-1.5,1",21,0.6592887992597328,0.6978033288951662,12302.398681640625,13
22,"-1.5,1",19,0.645811976589663,0.6711768052075419,17547.607421875,13
23,"-1.5,1",21,0.6432259793087789,0.6646267348114462,51498.4130859375,13
24,"-1.5,1",18,0.633852777369587,0.6587461894679241,23460.38818359375,13
25,"-1.5,1",27,0.6268460093084799,0.6536283934954165,29373.1689453125,13
26,"-1.5,1",23,0.6227222107623736,0.6406776231197315,44631.9580078125,13
27,"-1.5,1",24,0.6186297049556186,0.6464015528196957,49972.5341796875,13
28,"-1.5,1",26,0.6183360184870181,0.6465425272847928,33950.8056640625,13
29,"-1.5,1",28,0.6090459884516236,0.6499536026521625,49972.5341796875,13
30,"-1.5,1",28,0.6011889395199508,0.6234486690150027,56457.51953125,13
0,"-1.5,1",0,1.4690016331329865,1.4690016331329865,20.86162567138672,14
1,"-1.5,1",0,1.4618512875936605,1.4618512875936605,21.6066837310791,14
2,"-1.5,1",0,1.446659745675354,1.446659745675354,23.84185791015625,14
3,"-1.5,1",0,1.4226034890581554,1.4226034890581554,28.312206268310547,14
4,"-1.5,1",0,1.3880281389494795,1.3880281389494795,34.27267074584961,14
5,"-1.5,1",0,1.3435156318078072,1.3435156318078072,43.958425521850586,14
6,"-1.5,1",0,1.289938612240835,1.289938612240835,61.09476089477539,14
7,"-1.5,1",0,1.2281737838576847,1.2281737838576847,92.38719940185547,14
8,"-1.5,1",0,1.1593051049240672,1.1593051049240672,149.01161193847656,14
9,"-1.5,1",0,1.084769893809406,1.084769893809406,262.26043701171875,14
10,"-1.5,1",0,1.0064336342508728,1.0064336342508728,500.67901611328125,14
11,"-1.5,1",0,0.9266079148936788,0.9266079148936788,1025.1998901367188,14
12,"-1.5,1",0,0.8479769511081571,0.8479769511081571,2241.1346435546875,14
13,"-1.5,1",8,0.7984019823759227,0.8228414002529493,5006.7901611328125,14
14,"-1.5,1",11,0.7634242720874097,0.7888885815644369,4196.1669921875,14
15,"-1.5,1",14,0.7390402442182736,0.7831771023756955,4148.4832763671875,14
16,"-1.5,1",15,0.7225272823348936,0.7605176517550184,4911.4227294921875,14
17,"-1.5,1",14,0.7066541658478123,0.7298128460841821,9918.212890625,14
18,"-1.5,1",18,0.6883675218455316,0.7168328664490929,8869.171142578125,14
19,"-1.5,1",17,0.6796424403953044,0.7150016467446426,14686.58447265625,14
20,"-1.5,1",18,0.6657801014184855,0.6865559333930775,32806.396484375,14
21,"-1.5,1",21,0.6592887992597328,0.6978033288951662,17929.0771484375,14
22,"-1.5,1",19,0.645811976589663,0.6711768052075419,26321.4111328125,14
23,"-1.5,1",21,0.6432259793087789,0.6646267348114462,29182.43408203125,14
24,"-1.5,1",18,0.633852777369587,0.6587461894679241,33569.3359375,14
25,"-1.5,1",27,0.6268460093084799,0.6536283934954165,41198.73046875,14
26,"-1.5,1",23,0.6227222107623736,0.6406776231197315,40435.791015625,14
27,"-1.5,1",24,0.6186297049556186,0.6464015528196957,50354.00390625,14
28,"-1.5,1",26,0.6183360184870181,0.6465425272847928,51879.8828125,14
29,"-1.5,1",28,0.6090459884516236,0.6499536026521625,37002.5634765625,14
30,"-1.5,1",28,0.6011889395199508,0.6234486690150027,93078.61328125,14
0,"-1.5,1",0,1.4690016331329865,1.4690016331329865,20.86162567138672,15
1,"-1.5,1",0,1.4618512875936605,1.4618512875936605,21.6066837310791,15
2,"-1.5,1",0,1.446659745675354,1.446659745675354,23.84185791015625,15
3,"-1.5,1",0,1.4226034890581554,1.4226034890581554,28.312206268310547,15
4,"-1.5,1",0,1.3880281389494795,1.3880281389494795,34.27267074584961,15
5,"-1.5,1",0,1.3435156318078072,1.3435156318078072,43.958425521850586,15
6,"-1.5,1",0,1.289938612240835,1.289938612240835,61.09476089477539,15
7,"-1.5,1",0,1.2281737838576847,1.2281737838576847,92.38719940185547,15
8,"-1.5,1",0,1.1593051049240672,1.1593051049240672,149.01161193847656,15
9,"-1.5,1",0,1.084769893809406,1.084769893809406,262.26043701171875,15
10,"-1.5,1",0,1.0064336342508728,1.0064336342508728,500.67901611328125,15
11,"-1.5,1",0,0.9266079148936788,0.9266079148936788,1025.1998901367188,15
12,"-1.5,1",0,0.8479769511081571,0.8479769511081571,2241.1346435546875,15
13,"-1.5,1",8,0.7984019823759227,0.8228414002529493,2908.7066650390625,15
14,"-1.5,1",11,0.7634242720874097,0.7888885815644369,3862.3809814453125,15
15,"-1.5,1",14,0.7390402442182736,0.7831771023756955,6389.617919921875,15
16,"-1.5,1",15,0.7225272823348936,0.7605176517550184,10776.519775390625,15
17,"-1.5,1",14,0.7066541658478123,0.7298128460841821,9727.47802734375,15
18,"-1.5,1",18,0.6883675218455316,0.7168328664490929,8583.06884765625,15
19,"-1.5,1",17,0.6796424403953044,0.7150016467446426,14305.11474609375,15
20,"-1.5,1",18,0.6657801014184855,0.6865559333930775,18310.546875,15
21,"-1.5,1",21,0.6592887992597328,0.6978033288951662,24414.0625,15
22,"-1.5,1",19,0.645811976589663,0.6711768052075419,28610.2294921875,15
23,"-1.5,1",21,0.6432259793087789,0.6646267348114462,27275.08544921875,15
24,"-1.5,1",18,0.633852777369587,0.6587461894679241,25558.4716796875,15
25,"-1.5,1",27,0.6268460093084799,0.6536283934954165,32043.45703125,15
26,"-1.5,1",23,0.6227222107623736,0.6406776231197315,44250.48828125,15
27,"-1.5,1",24,0.6186297049556186,0.6464015528196957,26321.4111328125,15
28,"-1.5,1",26,0.6183360184870181,0.6465425272847928,45776.3671875,15
29,"-1.5,1",28,0.6090459884516236,0.6499536026521625,93078.61328125,15
30,"-1.5,1",28,0.6011889395199508,0.6234486690150027,56838.9892578125,15
0,"-1.5,1",0,1.4690016331329865,1.4690016331329865,20.86162567138672,16
1,"-1.5,1",0,1.4618512875936605,1.4618512875936605,21.6066837310791,16
2,"-1.5,1",0,1.446659745675354,1.446659745675354,23.84185791015625,16
3,"-1.5,1",0,1.4226034890581554,1.4226034890581554,28.312206268310547,16
4,"-1.5,1",0,1.3880281389494795,1.3880281389494795,34.27267074584961,16
5,"-1.5,1",0,1.3435156318078072,1.3435156318078072,43.958425521850586,16
6,"-1.5,1",0,1.289938612240835,1.289938612240835,61.09476089477539,16
7,"-1.5,1",0,1.2281737838576847,1.2281737838576847,92.38719940185547,16
8,"-1.5,1",0,1.1593051049240672,1.1593051049240672,149.01161193847656,16
9,"-1.5,1",0,1.084769893809406,1.084769893809406,262.26043701171875,16
10,"-1.5,1",0,1.0064336342508728,1.0064336342508728,500.67901611328125,16
11,"-1.5,1",0,0.9266079148936788,0.9266079148936788,1025.1998901367188,16
12,"-1.5,1",0,0.8479769511081571,0.8479769511081571,2241.1346435546875,16
13,"-1.5,1",8,0.7984019823759227,0.8228414002529493,2670.2880859375,16
14,"-1.5,1",11,0.7634242720874097,0.7888885815644369,4386.90185546875,16
15,"-1.5,1",14,0.7390402442182736,0.7831771023756955,4863.739013671875,16
16,"-1.5,1",15,0.7225272823348936,0.7605176517550184,9250.640869140625,16
17,"-1.5,1",14,0.7066541658478123,0.7298128460841821,8296.966552734375,16
18,"-1.5,1",18,0.6883675218455316,0.7168328664490929,7820.12939453125,16
19,"-1.5,1",17,0.6796424403953044,0.7150016467446426,16784.66796875,16
20,"-1.5,1",18,0.6657801014184855,0.6865559333930775,23269.6533203125,16
21,"-1.5,1",21,0.6592887992597328,0.6978033288951662,16975.40283203125,16
22,"-1.5,1",19,0.645811976589663,0.6711768052075419,43487.548828125,16
23,"-1.5,1",21,0.6432259793087789,0.6646267348114462,16403.1982421875,16
24,"-1.5,1",18,0.633852777369587,0.6587461894679241,24414.0625,16
25,"-1.5,1",27,0.6268460093084799,0.6536283934954165,44250.48828125,16
26,"-1.5,1",23,0.6227222107623736,0.6406776231197315,33569.3359375,16
27,"-1.5,1",24,0.6186297049556186,0.6464015528196957,71716.30859375,16
28,"-1.5,1",26,0.6183360184870181,0.6465425272847928,45013.427734375,16
29,"-1.5,1",28,0.6090459884516236,0.6499536026521625,61035.15625,16
30,"-1.5,1",28,0.6011889395199508,0.6234486690150027,61798.095703125,16
0,"-1.5,1",0,1.4690016331329865,1.4690016331329865,20.86162567138672,17
1,"-1.5,1",0,1.4618512875936605,1.4618512875936605,21.6066837310791,17
2,"-1.5,1",0,1.446659745675354,1.446659745675354,23.84185791015625,17
3,"-1.5,1",0,1.4226034890581554,1.4226034890581554,28.312206268310547,17
4,"-1.5,1",0,1.3880281389494795,1.3880281389494795,34.27267074584961,17
5,"-1.5,1",0,1.3435156318078072,1.3435156318078072,43.958425521850586,17
6,"-1.5,1",0,1.289938612240835,1.289938612240835,61.09476089477539,17
7,"-1.5,1",0,1.2281737838576847,1.2281737838576847,92.38719940185547,17
8,"-1.5,1",0,1.1593051049240672,1.1593051049240672,149.01161193847656,17
9,"-1.5,1",0,1.084769893809406,1.084769893809406,262.26043701171875,17
10,"-1.5,1",0,1.0064336342508728,1.0064336342508728,500.67901611328125,17
11,"-1.5,1",0,0.9266079148936788,0.9266079148936788,1025.1998901367188,17
12,"-1.5,1",0,0.8479769511081571,0.8479769511081571,2241.1346435546875,17
13,"-1.5,1",8,0.7984019823759227,0.8228414002529493,3623.96240234375,17
14,"-1.5,1",11,0.7634242720874097,0.7888885815644369,5054.473876953125,17
15,"-1.5,1",14,0.7390402442182736,0.7831771023756955,5435.943603515625,17
16,"-1.5,1",15,0.7225272823348936,0.7605176517550184,9441.375732421875,17
17,"-1.5,1",14,0.7066541658478123,0.7298128460841821,12207.03125,17
18,"-1.5,1",18,0.6883675218455316,0.7168328664490929,11920.928955078125,17
19,"-1.5,1",17,0.6796424403953044,0.7150016467446426,13637.542724609375,17
20,"-1.5,1",18,0.6657801014184855,0.6865559333930775,18119.81201171875,17
21,"-1.5,1",21,0.6592887992597328,0.6978033288951662,15830.99365234375,17
22,"-1.5,1",19,0.645811976589663,0.6711768052075419,24795.5322265625,17
23,"-1.5,1",21,0.6432259793087789,0.6646267348114462,30517.578125,17
24,"-1.5,1",18,0.633852777369587,0.6587461894679241,25177.001953125,17
25,"-1.5,1",27,0.6268460093084799,0.6536283934954165,43869.0185546875,17
26,"-1.5,1",23,0.6227222107623736,0.6406776231197315,38909.912109375,17
27,"-1.5,1",24,0.6186297049556186,0.6464015528196957,40817.2607421875,17
28,"-1.5,1",26,0.6183360184870181,0.6465425272847928,72479.248046875,17
29,"-1.5,1",28,0.6090459884516236,0.6499536026521625,45394.8974609375,17
30,"-1.5,1",28,0.6011889395199508,0.6234486690150027,51498.4130859375,17
0,"-1.5,1",0,1.4690016331329865,1.4690016331329865,20.86162567138672,18
1,"-1.5,1",0,1.4618512875936605,1.4618512875936605,21.6066837310791,18
2,"-1.5,1",0,1.446659745675354,1.446659745675354,23.84185791015625,18
3,"-1.5,1",0,1.4226034890581554,1.4226034890581554,28.312206268310547,18
4,"-1.5,1",0,1.3880281389494795,1.3880281389494795,34.27267074584961,18
5,"-1.5,1",0,1.3435156318078072,1.3435156318078072,43.958425521850586,18
6,"-1.5,1",0,1.289938612240835,1.289938612240835,61.09476089477539,18
7,"-1.5,1",0,1.2281737838576847,1.2281737838576847,92.38719940185547,18
8,"-1.5,1",0,1.1593051049240672,1.1593051049240672,149.01161193847656,18
9,"-1.5,1",0,1.084769893809406,1.084769893809406,262.26043701171875,18
10,"-1.5,1",0,1.0064336342508728,1.0064336342508728,500.67901611328125,18
11,"-1.5,1",0,0.9266079148936788,0.9266079148936788,1025.1998901367188,18
12,"-1.5,1",0,0.8479769511081571,0.8479769511081571,2241.1346435546875,18
13,"-1.5,1",8,0.7984019823759227,0.8228414002529493,5245.208740234375,18
14,"-1.5,1",11,0.7634242720874097,0.7888885815644369,3337.860107421875,18
15,"-1.5,1",14,0.7390402442182736,0.7831771023756955,4529.9530029296875,18
16,"-1.5,1",15,0.7225272823348936,0.7605176517550184,5340.576171875,18
17,"-1.5,1",14,0.7066541658478123,0.7298128460841821,11825.5615234375,18
18,"-1.5,1",18,0.6883675218455316,0.7168328664490929,10299.6826171875,18
19,"-1.5,1",17,0.6796424403953044,0.7150016467446426,11825.5615234375,18
20,"-1.5,1",18,0.6657801014184855,0.6865559333930775,16975.40283203125,18
21,"-1.5,1",21,0.6592887992597328,0.6978033288951662,17738.34228515625,18
22,"-1.5,1",19,0.645811976589663,0.6711768052075419,18119.81201171875,18
23,"-1.5,1",21,0.6432259793087789,0.6646267348114462,34713.7451171875,18
24,"-1.5,1",18,0.633852777369587,0.6587461894679241,55694.580078125,18
25,"-1.5,1",27,0.6268460093084799,0.6536283934954165,35095.21484375,18
26,"-1.5,1",23,0.6227222107623736,0.6406776231197315,42724.609375,18
27,"-1.5,1",24,0.6186297049556186,0.6464015528196957,35858.154296875,18
28,"-1.5,1",26,0.6183360184870181,0.6465425272847928,45776.3671875,18
29,"-1.5,1",28,0.6090459884516236,0.6499536026521625,70953.369140625,18
30,"-1.5,1",28,0.6011889395199508,0.6234486690150027,84686.279296875,18
0,"-1.5,1",0,1.4690016331329865,1.4690016331329865,20.86162567138672,19
1,"-1.5,1",0,1.4618512875936605,1.4618512875936605,21.6066837310791,19
2,"-1.5,1",0,1.446659745675354,1.446659745675354,23.84185791015625,19
3,"-1.5,1",0,1.4226034890581554,1.4226034890581554,28.312206268310547,19
4,"-1.5,1",0,1.3880281389494795,1.3880281389494795,34.27267074584961,19
5,"-1.5,1",0,1.3435156318078072,1.3435156318078072,43.958425521850586,19
6,"-1.5,1",0,1.289938612240835,1.289938612240835,61.09476089477539,19
7,"-1.5,1",0,1.2281737838576847,1.2281737838576847,92.38719940185547,19
8,"-1.5,1",0,1.1593051049240672,1.1593051049240672,149.01161193847656,19
9,"-1.5,1",0,1.084769893809406,1.084769893809406,262.26043701171875,19
10,"-1.5,1",0,1.0064336342508728,1.0064336342508728,500.67901611328125,19
11,"-1.5,1",0,0.9266079148936788,0.9266079148936788,1025.1998901367188,19
12,"-1.5,1",0,0.8479769511081571,0.8479769511081571,2241.1346435546875,19
13,"-1.5,1",8,0.7984019823759227,0.8228414002529493,2193.450927734375,19
14,"-1.5,1",11,0.7634242720874097,0.7888885815644369,3910.064697265625,19
15,"-1.5,1",14,0.7390402442182736,0.7831771023756955,4529.9530029296875,19
16,"-1.5,1",15,0.7225272823348936,0.7605176517550184,7343.292236328125,19
17,"-1.5,1",14,0.7066541658478123,0.7298128460841821,8106.231689453125,19
18,"-1.5,1",18,0.6883675218455316,0.7168328664490929,12397.76611328125,19
19,"-1.5,1",17,0.6796424403953044,0.7150016467446426,17738.34228515625,19
20,"-1.5,1",18,0.6657801014184855,0.6865559333930775,16784.66796875,19
21,"-1.5,1",21,0.6592887992597328,0.6978033288951662,27465.8203125,19
22,"-1.5,1",19,0.645811976589663,0.6711768052075419,20790.10009765625,19
23,"-1.5,1",21,0.6432259793087789,0.6646267348114462,40435.791015625,19
24,"-1.5,1",18,0.633852777369587,0.6587461894679241,43487.548828125,19
25,"-1.5,1",27,0.6268460093084799,0.6536283934954165,40054.3212890625,19
26,"-1.5,1",23,0.6227222107623736,0.6406776231197315,53405.76171875,19
27,"-1.5,1",24,0.6186297049556186,0.6464015528196957,62561.03515625,19
28,"-1.5,1",26,0.6183360184870181,0.6465425272847928,120544.43359375,19
29,"-1.5,1",28,0.6090459884516236,0.6499536026521625,71716.30859375,19
30,"-1.5,1",28,0.6011889395199508,0.6234486690150027,56457.51953125,19
0,"-1.5,1",0,1.4690016331329865,1.4690016331329865,20.86162567138672,20
1,"-1.5,1",0,1.4618512875936605,1.4618512875936605,21.6066837310791,20
2,"-1.5,1",0,1.446659745675354,1.446659745675354,23.84185791015625,20
3,"-1.5,1",0,1.4226034890581554,1.4226034890581554,28.312206268310547,20
4,"-1.5,1",0,1.3880281389494795,1.3880281389494795,34.27267074584961,20
5,"-1.5,1",0,1.3435156318078072,1.3435156318078072,43.958425521850586,20
6,"-1.5,1",0,1.289938612240835,1.289938612240835,61.09476089477539,20
7,"-1.5,1",0,1.2281737838576847,1.2281737838576847,92.38719940185547,20
8,"-1.5,1",0,1.1593051049240672,1.1593051049240672,149.01161193847656,20
9,"-1.5,1",0,1.084769893809406,1.084769893809406,262.26043701171875,20
10,"-1.5,1",0,1.0064336342508728,1.0064336342508728,500.67901611328125,20
11,"-1.5,1",0,0.9266079148936788,0.9266079148936788,1025.1998901367188,20
12,"-1.5,1",0,0.8479769511081571,0.8479769511081571,2241.1346435546875,20
13,"-1.5,1",8,0.7984019823759227,0.8228414002529493,4959.1064453125,20
14,"-1.5,1",11,0.7634242720874097,0.7888885815644369,5245.208740234375,20
15,"-1.5,1",14,0.7390402442182736,0.7831771023756955,7820.12939453125,20
16,"-1.5,1",15,0.7225272823348936,0.7605176517550184,8106.231689453125,20
17,"-1.5,1",14,0.7066541658478123,0.7298128460841821,11634.82666015625,20
18,"-1.5,1",18,0.6883675218455316,0.7168328664490929,8773.8037109375,20
19,"-1.5,1",17,0.6796424403953044,0.7150016467446426,19073.486328125,20
20,"-1.5,1",18,0.6657801014184855,0.6865559333930775,20980.8349609375,20
21,"-1.5,1",21,0.6592887992597328,0.6978033288951662,18882.75146484375,20
22,"-1.5,1",19,0.645811976589663,0.6711768052075419,25939.94140625,20
23,"-1.5,1",21,0.6432259793087789,0.6646267348114462,35095.21484375,20
24,"-1.5,1",18,0.633852777369587,0.6587461894679241,40435.791015625,20
25,"-1.5,1",27,0.6268460093084799,0.6536283934954165,41198.73046875,20
26,"-1.5,1",23,0.6227222107623736,0.6406776231197315,49591.064453125,20
27,"-1.5,1",24,0.6186297049556186,0.6464015528196957,37002.5634765625,20
28,"-1.5,1",26,0.6183360184870181,0.6465425272847928,70190.4296875,20
29,"-1.5,1",28,0.6090459884516236,0.6499536026521625,37765.5029296875,20
30,"-1.5,1",28,0.6011889395199508,0.6234486690150027,57220.458984375,20
