clim.mean,clim.var,pop.var,lt.pop.lam,clim.sd,asp.mag,rep,AtoB,BtoA
0,0,0,1.0440204672322415,0,0,1,0.1,0.1
0,0,5.728752506383776e-17,1.0365450421090354,0,2,1,0.1,0.1
0,0,5.034093390704344e-15,1.0141854829857369,0,4,1,0.1,0.1
0,0,3.2269907517051735e-13,0.9770666961072904,0,6,1,0.1,0.1
0,0,2.1656938045374048e-11,0.9249782006602807,0,8,1,0.1,0.1
0,0,1.093492894595653e-9,0.8565688176553,0,10,1,0.1,0.1
0,0,1.7355238099337588e-8,0.7703562573760988,0,12,1,0.1,0.1
0,0,4.933085536289695e-8,0.6733698953602101,0,14,1,0.1,0.1
0,0,3.411577027875577e-8,0.5887802510775715,0,16,1,0.1,0.1
0,0,5.6885066435897634e-9,0.5361698380046006,0,18,1,0.1,0.1
0,0,2.0486881544614383e-10,0.5122269125435449,0,20,1,0.1,0.1
0.0838636258765953,3.953578192355989,3.1483730023401745e-5,1.0365621827182907,2,0,1,0.1,0.1
0.04930125877314703,3.7734601653682454,4.556392092934775e-5,1.0293803537004944,2,2,1,0.1,0.1
0.04648295972020455,3.9603795226697804,6.273490845150863e-5,1.0062907394876546,2,4,1,0.1,0.1
-0.1090831762148332,3.993738742958992,1.702630649135881e-4,0.9687122232739165,2,6,1,0.1,0.1
-0.10126026284898242,4.7585219693942875,7.213787217108776e-4,0.9141805645291331,2,8,1,0.1,0.1
0.02797324369100261,4.0857627047228116,0.0010445642063265869,0.844424834467284,2,10,1,0.1,0.1
-0.08094101677142142,4.085356255895021,0.001092163190890652,0.759711478497439,2,12,1,0.1,0.1
0.17439112860264286,3.7160266715385744,0.003489769392630824,0.6795722905407805,2,14,1,0.1,0.1
0.1274403038559315,4.152110659388702,0.002916869636498472,0.6010871340221864,2,16,1,0.1,0.1
-0.03348161825502719,3.6671281553767465,4.152907067232603e-4,0.5468035834582166,2,18,1,0.1,0.1
0.15197529369131205,3.848491158535232,3.5698276984905e-4,0.5203369985224601,2,20,1,0.1,0.1
0.13784615070107292,14.170594520567583,6.305962080896958e-4,1.016387077187517,4,0,1,0.1,0.1
-0.5159321428901156,16.123913995358752,8.815625870480901e-4,1.0049450038910472,4,2,1,0.1,0.1
-0.424666127079962,16.023434025751392,0.0015120664857423026,0.9826909100536931,4,4,1,0.1,0.1
0.3891334529842773,15.928033358679626,0.0028870162137385,0.9450942466132717,4,6,1,0.1,0.1
-0.35753544719098057,13.067357613210806,0.004136903173855872,0.8953081443389997,4,8,1,0.1,0.1
0.05961677666572351,15.695025889579943,0.005398469646111205,0.8195272438205474,4,10,1,0.1,0.1
0.21229174249324623,15.636437500269286,0.00951751022965248,0.7566567546819837,4,12,1,0.1,0.1
0.08553232122464975,15.85385275216615,0.009304750043308932,0.6797049857076147,4,14,1,0.1,0.1
0.02710241455830475,17.512811296237736,0.005050734707336286,0.6186707446764881,4,16,1,0.1,0.1
0.2877195078585369,16.824147129426265,0.007869365602889993,0.5766961869832694,4,18,1,0.1,0.1
-0.08107987071511318,13.294312346564517,0.0014680560379993436,0.5351779818436118,4,20,1,0.1,0.1
-0.21281484329262393,37.118915180347045,0.004707503051093097,0.9680168927327201,6,0,1,0.1,0.1
0.0875715923743081,37.52388890122018,0.0056650481693975826,0.9613980327920594,6,2,1,0.1,0.1
-0.12068703445183794,33.02836721976215,0.004885329432344957,0.9440035114873914,6,4,1,0.1,0.1
-0.014455678330508143,35.75767468333198,0.006581515493194525,0.9030928939559786,6,6,1,0.1,0.1
-0.0834817415782126,34.48640641968243,0.009495655665315544,0.8607281789816641,6,8,1,0.1,0.1
-0.0059791854633041795,33.28535852785893,0.008802361841148618,0.802852443517206,6,10,1,0.1,0.1
0.2186402550378515,35.84558482026873,0.013933646337045927,0.7526275478773404,6,12,1,0.1,0.1
0.03417554146255072,38.89485054997999,0.015322315787285433,0.6909701810391624,6,14,1,0.1,0.1
-0.023570489095697856,34.397409954707676,0.014175011709883188,0.6399164792805049,6,16,1,0.1,0.1
0.12387594716745835,38.99027045424917,0.009005979890875692,0.5941273189353345,6,18,1,0.1,0.1
-0.12310089615848,35.657927575796876,0.00898641208542093,0.5631968454220454,6,20,1,0.1,0.1
-0.10161302202228156,65.59665657501274,0.013338281789693221,0.9159296242431647,8,0,1,0.1,0.1
-0.39246393260536705,63.92216015845007,0.012951643889937636,0.9109358108769047,8,2,1,0.1,0.1
0.5965848797947619,64.1010738631987,0.012694040674448008,0.890576100079885,8,4,1,0.1,0.1
-0.37668324787789986,61.49196244463433,0.012350818391039863,0.865294941651929,8,6,1,0.1,0.1
0.5967539758427927,58.16977389670477,0.013440621222199996,0.835491281469776,8,8,1,0.1,0.1
-0.666237703176044,57.6482641374189,0.013129260761382145,0.7911928348893866,8,10,1,0.1,0.1
0.5521549561760707,57.289616718090556,0.015075641805578067,0.741419125353635,8,12,1,0.1,0.1
0.1429657603692878,72.05223874023052,0.01700632538147745,0.6986090164165055,8,14,1,0.1,0.1
0.17091350661646457,61.05976565189774,0.017866689343850755,0.6527268383038082,8,16,1,0.1,0.1
-0.16733518767497965,59.73677800593529,0.014559885332270431,0.6107213437075991,8,18,1,0.1,0.1
-0.6138586252501721,63.910335207683765,0.015357997247663447,0.5882627676007969,8,20,1,0.1,0.1
0.20219501060319436,98.95969944717092,0.02208163865971603,0.8598775514204811,10,0,1,0.1,0.1
-0.6080999654525783,87.19432514986595,0.01902156765321444,0.8769640057432698,10,2,1,0.1,0.1
0.13316705861494374,101.83194275918953,0.01906011889756876,0.8440873093716119,10,4,1,0.1,0.1
-0.3413309088553996,104.05680454008694,0.021122001105624497,0.8249515005020789,10,6,1,0.1,0.1
0.24771635940872191,104.69091934010348,0.0181388221970591,0.7912487306908723,10,8,1,0.1,0.1
1.3479930730931806,100.38005901882589,0.018761508135783193,0.7770181573026884,10,10,1,0.1,0.1
-0.2736189917399185,99.57934366717464,0.020513218293895803,0.7372289332902037,10,12,1,0.1,0.1
-0.26564382620036314,103.56951661782595,0.014923365039278168,0.691459582691876,10,14,1,0.1,0.1
0.21310221454535322,108.74051408686358,0.01786388263943657,0.661196179154059,10,16,1,0.1,0.1
-0.01634928231335686,88.76482558967668,0.01379998829666996,0.6220094015700732,10,18,1,0.1,0.1
-0.11543414973338248,88.91281573834438,0.012984848023341877,0.5925579662730214,10,20,1,0.1,0.1
0,0,0,1.0440204672322413,0,0,1,0.2,0.2
0,0,2.692214216457721e-19,1.0365449660644739,0,2,1,0.2,0.2
0,0,3.4241552139398276e-17,1.0141848930043549,0,4,1,0.2,0.2
0,0,4.157611776623569e-15,0.9770633299911375,0,6,1,0.2,0.2
0,0,6.772716121011955e-13,0.9249612077676603,0,8,1,0.2,0.2
0,0,1.0155230274821089e-10,0.8565015783420558,0,10,1,0.2,0.2
0,0,4.970940489337894e-9,0.7702176397115739,0,12,1,0.2,0.2
0,0,2.9039905944664116e-8,0.6732621960256996,0,14,1,0.2,0.2
0,0,2.6814183907139613e-8,0.5887415655205341,0,16,1,0.2,0.2
0,0,5.020034367330183e-9,0.5361626796889674,0,18,1,0.2,0.2
0,0,1.9125516621865724e-10,0.5122262122375147,0,20,1,0.2,0.2
-0.01137851068728269,3.9092486190633293,2.885601604495265e-5,1.0366710943456698,2,0,1,0.2,0.2
-0.115823409677906,3.7177185661224983,3.169685054982894e-5,1.0295237242510715,2,2,1,0.2,0.2
0.012059764658567507,4.0291585158604715,6.331650728659132e-5,1.0063873982030362,2,4,1,0.2,0.2
0.02572755667746862,3.7275392072094027,1.2232243665699405e-4,0.9687456752314187,2,6,1,0.2,0.2
-0.055452748016826314,4.020923956957262,3.164101899629958e-4,0.9139686809968056,2,8,1,0.2,0.2
0.019695663283489626,4.043387659922257,8.718202590955314e-4,0.8439647659013646,2,10,1,0.2,0.2
0.046623496201645305,3.862615747276664,0.0020767100400103248,0.762629455036233,2,12,1,0.2,0.2
-0.02281047845299857,4.375105089170708,0.0019399533221380995,0.6735525137607818,2,14,1,0.2,0.2
-0.03860649380839334,4.115971210386907,0.0017665826469407911,0.5998822332030702,2,16,1,0.2,0.2
0.02497870294905458,4.052094576523171,0.0013361380388994693,0.5488304005815409,2,18,1,0.2,0.2
-0.06404946984361456,4.562156970563442,1.5475296886457537e-4,0.5206979507127829,2,20,1,0.2,0.2
0.2673256221965782,16.338373723689788,9.065876852762182e-4,1.011958637104311,4,0,1,0.2,0.2
0.04203439754535355,13.871111264983876,6.609031728576674e-4,1.0092453498126102,4,2,1,0.2,0.2
-0.16525842563526627,15.041951986749021,0.0011423949407251496,0.9832289263743136,4,4,1,0.2,0.2
-0.13304398430283848,15.70406413926063,0.001854980803039419,0.9429613719953112,4,6,1,0.2,0.2
-0.02603409807064801,18.252754949684142,0.003913996819065812,0.8820803085093325,4,8,1,0.2,0.2
-0.0028284464814041337,16.12135215788257,0.005477640868260396,0.8223856589880038,4,10,1,0.2,0.2
-0.14301336465117245,16.043903033289016,0.006598308678699903,0.7527925822249518,4,12,1,0.2,0.2
0.32364028507803,15.832608835534089,0.008660180926483057,0.6863061455407036,4,14,1,0.2,0.2
-0.1050652595524549,16.516202262323063,0.007219893696202486,0.6192957462930087,4,16,1,0.2,0.2
0.20831941271302018,15.61575810325121,0.0059042623313086086,0.5735822409656165,4,18,1,0.2,0.2
-0.22404014022485955,17.8914187192044,0.003721808578269181,0.5425441396511181,4,20,1,0.2,0.2
-0.1275928491138039,35.98292075156802,0.005711328810743191,0.9695761884007883,6,0,1,0.2,0.2
0.024692355374213985,31.1992737550848,0.003715541605427801,0.9725409485440507,6,2,1,0.2,0.2
0.4129356454075809,37.15931709394321,0.006126791242745494,0.9402048966305604,6,4,1,0.2,0.2
0.44759243583428,38.600514111559974,0.007599730433304524,0.9010884143288853,6,6,1,0.2,0.2
-0.07573510358087768,37.53167278532887,0.008350426172279815,0.8529983870069011,6,8,1,0.2,0.2
-0.016867889046408305,36.21895009335564,0.010604904600731619,0.8037645286106316,6,10,1,0.2,0.2
-0.133900458342981,39.37130980117839,0.012520036266112356,0.7500786221815356,6,12,1,0.2,0.2
0.0611785756631251,33.0188245907723,0.011457350838813527,0.6912092720918933,6,14,1,0.2,0.2
0.29073854109707176,36.395290922952476,0.011451115530848979,0.6370230340753474,6,16,1,0.2,0.2
0.05582245912920566,33.26910060722695,0.010412752503094452,0.5938867730815646,6,18,1,0.2,0.2
-0.03704090888228761,35.1035463395804,0.004784744073569537,0.5600037773026401,6,20,1,0.2,0.2
0.004697615539474175,69.38644001457611,0.01426580589217277,0.9053485006980059,8,0,1,0.2,0.2
-0.22038432081213358,56.57240788734576,0.01133274028324587,0.922393652811545,8,2,1,0.2,0.2
0.34860738677038655,61.903845977564274,0.011452705126866086,0.8974188677615861,8,4,1,0.2,0.2
-0.5255480672325584,65.4822668867355,0.011994104709311417,0.8656368093699781,8,6,1,0.2,0.2
0.1094191666175625,62.97916327271169,0.012532678417823727,0.8282450685946265,8,8,1,0.2,0.2
-0.11233206147050075,66.41782498494759,0.012137346924896838,0.7824464923807245,8,10,1,0.2,0.2
0.128391183193575,66.67383398705918,0.013933396253241052,0.7418784341896368,8,12,1,0.2,0.2
0.09275797659205359,77.04613604014021,0.01723392998212635,0.7016627262363796,8,14,1,0.2,0.2
-0.5670656560064088,61.52420603382488,0.01376000950073104,0.6516949284646587,8,16,1,0.2,0.2
0.2280668367382673,64.82036405913446,0.016444419844191607,0.6208656414854983,8,18,1,0.2,0.2
-0.09849283362668682,67.9841592816793,0.01026664920766154,0.5900167828721384,8,20,1,0.2,0.2
0.2966746080571013,105.77143226902035,0.02126871689007066,0.8569550047146905,10,0,1,0.2,0.2
-0.43715884153857837,94.12574885098041,0.01947729559316072,0.8623013342013915,10,2,1,0.2,0.2
0.49265143257791744,98.40868329006007,0.018790255563337157,0.8477823367466846,10,4,1,0.2,0.2
-0.44251932095610075,92.54144240287367,0.016286049890251356,0.8339343704122579,10,6,1,0.2,0.2
-0.3657211770653756,98.57732709183274,0.017624078647309572,0.8073093404443733,10,8,1,0.2,0.2
-0.03698399496537853,108.15482253484194,0.016068244428605907,0.7679315240669056,10,10,1,0.2,0.2
-0.1925741184678157,99.80735101026,0.012849919069807309,0.7319456423017621,10,12,1,0.2,0.2
0.014680388627438068,104.28060205665331,0.013168523069851815,0.6920729239221654,10,14,1,0.2,0.2
0.12798730203005973,108.64506030783822,0.01743132722100432,0.6662631593200466,10,16,1,0.2,0.2
-1.0236142787897748,96.03665701735905,0.019435093442037147,0.6380212345427742,10,18,1,0.2,0.2
0.022719989081482296,100.98048832781471,0.019096365070520073,0.6046694209122587,10,20,1,0.2,0.2
0,0,0,1.0440204672322415,0,0,2,0.1,0.1
0,0,5.728752506383776e-17,1.0365450421090354,0,2,2,0.1,0.1
0,0,5.034093390704344e-15,1.0141854829857369,0,4,2,0.1,0.1
0,0,3.2269907517051735e-13,0.9770666961072904,0,6,2,0.1,0.1
0,0,2.1656938045374048e-11,0.9249782006602807,0,8,2,0.1,0.1
0,0,1.093492894595653e-9,0.8565688176553,0,10,2,0.1,0.1
0,0,1.7355238099337588e-8,0.7703562573760988,0,12,2,0.1,0.1
0,0,4.933085536289695e-8,0.6733698953602101,0,14,2,0.1,0.1
0,0,3.411577027875577e-8,0.5887802510775715,0,16,2,0.1,0.1
0,0,5.6885066435897634e-9,0.5361698380046006,0,18,2,0.1,0.1
0,0,2.0486881544614383e-10,0.5122269125435449,0,20,2,0.1,0.1
0.039093148018685714,4.103995356141528,3.431678875342848e-5,1.036299706206876,2,0,2,0.1,0.1
-0.05588217911474478,3.9124050351101562,3.43660674381457e-5,1.0291564123923467,2,2,2,0.1,0.1
0.037590839751805126,4.387735517555445,8.957995006709531e-5,1.005498267839961,2,4,2,0.1,0.1
0.07761015747539488,3.7365530019469793,1.341049902444161e-4,0.9692405911784252,2,6,2,0.1,0.1
0.16542762706667563,4.3113183402143,7.003426289188227e-4,0.9153851478210284,2,8,2,0.1,0.1
-0.016390488132011573,4.053977475132296,8.193000316643543e-4,0.8438509949390404,2,10,2,0.1,0.1
-0.052145407500798324,4.130596192503597,0.002379515103905545,0.7618040950922021,2,12,2,0.1,0.1
0.06152854846118612,3.9998498787591505,0.0037813306441470606,0.6764340781160892,2,14,2,0.1,0.1
0.07882376896244037,3.783049914586268,0.0015776370893567657,0.5984984190734417,2,16,2,0.1,0.1
0.023186502696107874,3.359841406004826,3.812035192322398e-4,0.5463905582940164,2,18,2,0.1,0.1
-0.21566732522363583,4.123335535589364,3.4432435322646345e-4,0.5209197208097287,2,20,2,0.1,0.1
-0.2803735838877855,18.265441882919994,0.0011270918904715483,1.0077826201190558,4,0,2,0.1,0.1
0.05521722202183605,14.76007949965886,8.006486519479286e-4,1.0073469430364737,4,2,2,0.1,0.1
-0.2343240446544077,15.843741684842133,0.0012076765981927325,0.9821519984957644,4,4,2,0.1,0.1
-0.01719403132045762,16.02822959312489,0.0024229675273697293,0.9434801320221744,4,6,2,0.1,0.1
0.0024095823461470047,14.923429704399162,0.0036537399065500547,0.88718156853119845,4,8,2,0.1,0.1
-0.1347452495518423,17.532763907455106,0.00844819158507753,0.8257658795240297,4,10,2,0.1,0.1
0.11091058426380757,18.471816783681994,0.0068147220980428885,0.749187958431606,4,12,2,0.1,0.1
0.4443834407025827,17.46391827406576,0.009013757587907515,0.6901271225366523,4,14,2,0.1,0.1
0.0369952900517678,16.836986086110674,0.0065676462507781,0.6194729812574253,4,16,2,0.1,0.1
0.1981544131743716,15.671268342439873,0.005962110188667755,0.5752811815057151,4,18,2,0.1,0.1
0.018604501412425267,15.469104400155468,0.0029232193772244443,0.5374245864586382,4,20,2,0.1,0.1
0.03732193267536112,37.4305195905902,0.006836434000975531,0.9669787907220931,6,0,2,0.1,0.1
-0.03289335128989063,35.51195299624041,0.005277747990081815,0.9636232471829502,6,2,2,0.1,0.1
-0.03959165147801225,34.23661842265405,0.005603948290929216,0.9430489700050838,6,4,2,0.1,0.1
0.016002929371646817,39.469535314824135,0.007985241799649385,0.8973029885203754,6,6,2,0.1,0.1
-0.0904980313766647,32.96631069300198,0.008866889972399053,0.8595935221807974,6,8,2,0.1,0.1
-0.49892732015134805,38.04783468052006,0.01331124176424142,0.8048886573927253,6,10,2,0.1,0.1
-0.06573316326199859,33.908940134400446,0.01103433706288399,0.7429867224011939,6,12,2,0.1,0.1
0.12758484757391278,28.861550238066616,0.011104107374488047,0.689211819694692,6,14,2,0.1,0.1
-0.04739683645880602,33.442904654797054,0.011059011728650724,0.6340953114641655,6,16,2,0.1,0.1
-0.2922743259967872,36.79924352394744,0.01131385839972973,0.5978232733428637,6,18,2,0.1,0.1
0.2854413586696002,35.320582271004376,0.007758214123837537,0.5614497615104143,6,20,2,0.1,0.1
0.7534579159641505,68.63854555561971,0.01578636540814751,0.9057097353308675,8,0,2,0.1,0.1
-0.10264806611118707,65.74155890200893,0.013495703351218337,0.908050848830783,8,2,2,0.1,0.1
-0.12805764963687966,65.20961588656824,0.012371528997881078,0.8916882636293012,8,4,2,0.1,0.1
0.11193489278812323,61.94917521236991,0.012153436370442392,0.8699386146293547,8,6,2,0.1,0.1
-0.27902273316096654,62.75644822560422,0.012917254046735467,0.8241930677922763,8,8,2,0.1,0.1
-0.20001393849209903,70.03716784286947,0.017067431244344507,0.7871865036402768,8,10,2,0.1,0.1
-0.3735359198155083,66.35336697940446,0.012257427089452353,0.7341108211100348,8,12,2,0.1,0.1
0.40635169683255556,60.143470849216776,0.012715440473965205,0.6907301536386286,8,14,2,0.1,0.1
-0.2537821363010007,62.95532169012575,0.015424006413546172,0.6501555071656582,8,16,2,0.1,0.1
0.15861177290996076,52.42539955051889,0.013118088165813162,0.609529256095572,8,18,2,0.1,0.1
-0.1678536717528991,65.22920712414462,0.0136753276914393,0.586175473603368,8,20,2,0.1,0.1
0.9101908043522867,100.05688665825684,0.020921354992035932,0.8620356298104872,10,0,2,0.1,0.1
-0.44342620092301627,115.77997278846895,0.02293087218593024,0.8440739069072335,10,2,2,0.1,0.1
0.1329880299083704,101.37208971095686,0.01899955935898071,0.8403307964948418,10,4,2,0.1,0.1
-1.4580620247408724,103.57100036247157,0.018888861488095134,0.8233324094521323,10,6,2,0.1,0.1
1.1912477628150735,103.1114133853719,0.017367430423499215,0.7998186690101838,10,8,2,0.1,0.1
-0.3425830565615296,101.38996612237302,0.01908991599530637,0.7712702434256408,10,10,2,0.1,0.1
-0.4930977336596371,101.26755280712437,0.022628439650030484,0.7376884304466425,10,12,2,0.1,0.1
-0.1261490165887365,106.39279216593955,0.017953437240650936,0.6974875500109216,10,14,2,0.1,0.1
0.5755682448601925,100.43710916771057,0.016590066625679648,0.6568392304562929,10,16,2,0.1,0.1
-0.1943172667975305,99.23323875765135,0.014086614750325225,0.6223468741468234,10,18,2,0.1,0.1
-0.04223010236996813,101.79491999141406,0.017839144368081327,0.6020397509345295,10,20,2,0.1,0.1
0,0,0,1.0440204672322413,0,0,2,0.2,0.2
0,0,2.692214216457721e-19,1.0365449660644739,0,2,2,0.2,0.2
0,0,3.4241552139398276e-17,1.0141848930043549,0,4,2,0.2,0.2
0,0,4.157611776623569e-15,0.9770633299911375,0,6,2,0.2,0.2
0,0,6.772716121011955e-13,0.9249612077676603,0,8,2,0.2,0.2
0,0,1.0155230274821089e-10,0.8565015783420558,0,10,2,0.2,0.2
0,0,4.970940489337894e-9,0.7702176397115739,0,12,2,0.2,0.2
0,0,2.9039905944664116e-8,0.6732621960256996,0,14,2,0.2,0.2
0,0,2.6814183907139613e-8,0.5887415655205341,0,16,2,0.2,0.2
0,0,5.020034367330183e-9,0.5361626796889674,0,18,2,0.2,0.2
0,0,1.9125516621865724e-10,0.5122262122375147,0,20,2,0.2,0.2
0.18753880622059013,3.6747849370342465,3.0318864106841287e-5,1.0370717048900373,2,0,2,0.2,0.2
0.017517989089907076,4.153454204523243,4.338743519162085e-5,1.0286772971067617,2,2,2,0.2,0.2
0.05746940224333214,3.6596748179193197,5.2723737238861874e-5,1.0070217797562055,2,4,2,0.2,0.2
0.04040815295571255,3.623643039290008,1.0367130548525451e-4,0.9692588283343448,2,6,2,0.2,0.2
0.06757191084089109,4.156468121085595,4.3350990349875915e-4,0.9150131474849945,2,8,2,0.2,0.2
0.014264841577390436,3.826596383341105,9.727579355875146e-4,0.8452690470308604,2,10,2,0.2,0.2
-0.004269688239475663,4.180622061013746,0.0016934897605480714,0.7610361572632628,2,12,2,0.2,0.2
0.14201391724366702,3.642275378620355,0.003134392597285312,0.6799136746778,2,14,2,0.2,0.2
-0.08887085383618706,3.703544287141354,0.001361698023445008,0.5981080418979381,2,16,2,0.2,0.2
0.06705759118942967,4.228908583180406,0.0014681175768371949,0.5496673297489281,2,18,2,0.2,0.2
0.047413368498565485,4.189512232901843,4.2671574260605416e-4,0.5205524645913723,2,20,2,0.2,0.2
0.005970150288523999,14.531682455478006,7.53195504121725e-4,1.015577516124544,4,0,2,0.2,0.2
-0.20151910939947704,15.372588797537844,8.500186123022803e-4,1.0060834392699993,4,2,2,0.2,0.2
0.10758191285441907,15.668226277480262,0.001116049559731191,0.9820824326484452,4,4,2,0.2,0.2
0.004661561016041576,15.187275816655553,0.0020366690010036465,0.9437174822499236,4,6,2,0.2,0.2
-0.10669503108289895,15.42734762960128,0.003746568568262163,0.8895932210352513,4,8,2,0.2,0.2
0.0894248868248292,15.86471587376757,0.006275325430632602,0.82977635190234,4,10,2,0.2,0.2
-0.0868259771051007,16.82795308379757,0.0057911736835737975,0.7469809403449252,4,12,2,0.2,0.2
0.1784342550467977,15.249141815319843,0.009424031674850375,0.6826829849363488,4,14,2,0.2,0.2
0.02621017347344413,15.284490149788127,0.00851321537446303,0.6202824377509804,4,16,2,0.2,0.2
0.25658603440449596,19.190935312190092,0.006205605226579347,0.5800398240049891,4,18,2,0.2,0.2
-0.031098168503433058,15.553998699783406,0.001992925329647225,0.5382990343539904,4,20,2,0.2,0.2
0.2533756532925792,34.382866471341295,0.005368443052777422,0.9731895218315809,6,0,2,0.2,0.2
-0.1951587450517307,35.41767807899158,0.005404559988990812,0.9632934930621695,6,2,2,0.2,0.2
-0.08380414564531374,37.01519315364794,0.005956436345968151,0.936380103493418,6,4,2,0.2,0.2
-0.3969392419955668,39.38404480654251,0.007518851429130079,0.9028296325817405,6,6,2,0.2,0.2
0.09318453287579169,38.82436299957878,0.009630729627225207,0.8555448100259765,6,8,2,0.2,0.2
0.37272567517815697,34.73261857277753,0.01089427460668647,0.8095575757445111,6,10,2,0.2,0.2
-0.12708174858218443,34.38909834875336,0.01164368548637073,0.7493290293607086,6,12,2,0.2,0.2
-0.2720360431682754,34.98219995226443,0.011809182796982209,0.6891391521190204,6,14,2,0.2,0.2
0.4549663058525615,35.46788474147163,0.014415834325177674,0.6442554893933761,6,16,2,0.2,0.2
-0.19299051982639,33.957725938820424,0.009641247013934264,0.5939697823340285,6,18,2,0.2,0.2
-0.40879429043368826,37.472868985986175,0.010390259582705659,0.5655374757558996,6,20,2,0.2,0.2
-0.2024103283307362,70.76067733971307,0.015378626500464518,0.9023828368270556,8,0,2,0.2,0.2
0.4464277317489942,61.77568880842095,0.012297754250627485,0.9136432047214568,8,2,2,0.2,0.2
-0.42026684659732455,61.35099074060443,0.011635332407678585,0.8970838606215995,8,4,2,0.2,0.2
-0.2998817569361213,70.00553961982557,0.012747026719979949,0.8579612923251133,8,6,2,0.2,0.2
0.3277632048029448,66.01859438625122,0.012660106919228156,0.8289097974090418,8,8,2,0.2,0.2
0.33705166182444724,63.15161865921059,0.013212598067473567,0.7882981747679386,8,10,2,0.2,0.2
-0.7376666223104805,58.17883727355562,0.014114717780885305,0.7484944566358387,8,12,2,0.2,0.2
0.16655854762969158,66.58808544127704,0.012086654895344051,0.6916469782492645,8,14,2,0.2,0.2
0.6431885959854833,65.98296311805174,0.01678643078417733,0.6586872408832343,8,16,2,0.2,0.2
-0.16235490307749517,68.02091504065042,0.014452546274779255,0.6205910626084234,8,18,2,0.2,0.2
-0.0028103598641296933,55.165823849551835,0.01056086148674958,0.5829885064506325,8,20,2,0.2,0.2
-0.6290174782252156,103.50781536203972,0.02205538252970035,0.8591218679739006,10,0,2,0.2,0.2
-0.35151257441239087,102.0894131814939,0.020145309278097087,0.8572051309804988,10,2,2,0.2,0.2
-0.0839344147000704,102.17835482602649,0.019104964657719506,0.8437971373350986,10,4,2,0.2,0.2
0.36005460065190226,89.95592684103602,0.015559869695154072,0.8319951969144955,10,6,2,0.2,0.2
-0.045838235878414776,94.34571918817082,0.016305035301118403,0.8031450292610935,10,8,2,0.2,0.2
-0.3172719490823529,104.86875911739884,0.015615235733651662,0.7662301848088808,10,10,2,0.2,0.2
0.7373602755783851,97.19534316770377,0.013808871575361934,0.7342749487552818,10,12,2,0.2,0.2
0.4539222981771234,90.9957541779077,0.014702693105452747,0.696452688180317,10,14,2,0.2,0.2
0.21007183641824326,95.92722732362502,0.01592081034729286,0.6611288150638458,10,16,2,0.2,0.2
-0.04440512948426969,111.34303227157592,0.014742091064594467,0.6298826807650159,10,18,2,0.2,0.2
0.13446195627281116,93.3787105325431,0.014763065617461347,0.5959024593934625,10,20,2,0.2,0.2
0,0,0,1.0440204672322415,0,0,3,0.1,0.1
0,0,5.728752506383776e-17,1.0365450421090354,0,2,3,0.1,0.1
0,0,5.034093390704344e-15,1.0141854829857369,0,4,3,0.1,0.1
0,0,3.2269907517051735e-13,0.9770666961072904,0,6,3,0.1,0.1
0,0,2.1656938045374048e-11,0.9249782006602807,0,8,3,0.1,0.1
0,0,1.093492894595653e-9,0.8565688176553,0,10,3,0.1,0.1
0,0,1.7355238099337588e-8,0.7703562573760988,0,12,3,0.1,0.1
0,0,4.933085536289695e-8,0.6733698953602101,0,14,3,0.1,0.1
0,0,3.411577027875577e-8,0.5887802510775715,0,16,3,0.1,0.1
0,0,5.6885066435897634e-9,0.5361698380046006,0,18,3,0.1,0.1
0,0,2.0486881544614383e-10,0.5122269125435449,0,20,3,0.1,0.1
-0.04081799546195355,4.1919808589124505,4.218135917297003e-5,1.0361530390620044,2,0,3,0.1,0.1
-0.046298297963824654,4.024642312761553,3.7586404988899074e-5,1.0288840570068445,2,2,3,0.1,0.1
0.019578835178160198,4.067766401383208,5.842019312409915e-5,1.0061701381282013,2,4,3,0.1,0.1
0.007750691874618867,4.0706480670252905,1.7780192418670048e-4,0.968321962145865,2,6,3,0.1,0.1
0.02406977636882251,3.800112462890362,4.994021144554103e-4,0.9161936621462402,2,8,3,0.1,0.1
0.13540510853855317,4.377319609192337,0.00243931533955633,0.8478156850600317,2,10,3,0.1,0.1
-0.012422861098148818,4.234070491302004,0.00191374103226046,0.7620958761993274,2,12,3,0.1,0.1
0.18858774689730556,4.036247433689305,0.005260597091878279,0.6807982023231404,2,14,3,0.1,0.1
-0.14321605279016597,3.956010295681925,0.0020492832767876933,0.5994250647831731,2,16,3,0.1,0.1
0.06614145828163942,3.6097649152147606,8.560305798040185e-4,0.5477318736832038,2,18,3,0.1,0.1
0.01785775333551086,4.276567786331716,2.7876665718293574e-4,0.5203292213398316,2,20,3,0.1,0.1
0.0957545344242972,15.976079063532326,8.177242983993345e-4,1.0127579451308593,4,0,3,0.1,0.1
-0.003422619537210128,16.1650806758071,8.955289538157356e-4,1.0045872623989969,4,2,3,0.1,0.1
0.22555043623651416,16.171802856052967,0.0015992387019730192,0.9817236895758158,4,4,3,0.1,0.1
0.24071348496227926,16.143893424224586,0.0022991289522614547,0.9423705424826107,4,6,3,0.1,0.1
-0.006203156439988081,15.170185355932764,0.0038376446448072123,0.8889096692902513,4,8,3,0.1,0.1
-0.2502056661917468,17.207256379985257,0.00679306101478406,0.8211947936072512,4,10,3,0.1,0.1
-0.21434982434937608,15.353739868321322,0.010232547928971531,0.7574274002704159,4,12,3,0.1,0.1
0.00822172515534567,15.593533323782957,0.006144906284425085,0.6780842158356876,4,14,3,0.1,0.1
-0.09776553500142181,17.66232148933247,0.011936058939072567,0.6302846892258155,4,16,3,0.1,0.1
0.11021887960163572,16.414295450588302,0.007584472982222722,0.574313935310981,4,18,3,0.1,0.1
-0.49364978272396526,15.416292412589861,0.004543077511694319,0.5445924546335236,4,20,3,0.1,0.1
-0.2725097500410799,32.84817223559232,0.004623781748882953,0.9762609916995787,6,0,3,0.1,0.1
0.10791411162426914,34.95587715601682,0.005253157020026951,0.9632280699238701,6,2,3,0.1,0.1
0.11165571542249549,35.11029498176414,0.0054957363947673735,0.9427005680733482,6,4,3,0.1,0.1
-0.25933116722904154,38.456648504964306,0.007888931136401257,0.9041343329398305,6,6,3,0.1,0.1
0.18355749515606148,34.33421670817609,0.010196986220886056,0.8619718471396286,6,8,3,0.1,0.1
-0.47198479883789,37.13652989799896,0.01214624269364361,0.807196722778554,6,10,3,0.1,0.1
-0.46878616392421985,37.3312444731968,0.013197050655356953,0.7481414930548693,6,12,3,0.1,0.1
0.3111401347485467,37.500548083474484,0.014203960604562946,0.6902182733315411,6,14,3,0.1,0.1
-0.023042396569814157,41.6562362223279,0.014405997816991558,0.6444408862748204,6,16,3,0.1,0.1
-0.28810664691453636,34.91898956813333,0.010591841016931166,0.5939007865768642,6,18,3,0.1,0.1
-0.22624235735556927,35.41220237892149,0.005696314589120497,0.5613044702046891,6,20,3,0.1,0.1
-0.6401045883578103,68.10509329949082,0.014413729127380547,0.9075778516200937,8,0,3,0.1,0.1
-0.7493030668060011,63.86898524028081,0.013968138242246438,0.9083384252490176,8,2,3,0.1,0.1
0.13388400345465615,62.92830791226483,0.012268575252543176,0.8935660105882071,8,4,3,0.1,0.1
0.40354849616411814,59.34908016899911,0.011890360945623834,0.8713854016440303,8,6,3,0.1,0.1
0.3403859259595781,59.85941493677892,0.012233619074034186,0.8348365772141644,8,8,3,0.1,0.1
-0.1978450164675222,67.6873609045398,0.013210192591633755,0.7770799107666855,8,10,3,0.1,0.1
-0.07286229149052548,67.63910181479297,0.014212146674890055,0.7321782278992466,8,12,3,0.1,0.1
-0.1748185929462812,62.00882052766247,0.010171925502744858,0.6872994642139179,8,14,3,0.1,0.1
0.18056759325795418,62.19330007391078,0.01453185162014539,0.6451918807350164,8,16,3,0.1,0.1
-0.04662243461426231,64.41687911548948,0.013399056711599047,0.6145638900032603,8,18,3,0.1,0.1
-0.5898777519184164,62.12204928858391,0.014504737726231558,0.5855269830501602,8,20,3,0.1,0.1
-0.22234051174397976,93.8191051722177,0.0211595944024604,0.8699100506134867,10,0,3,0.1,0.1
-0.6612726096327681,105.93446779379379,0.021518269394104127,0.8434488672293987,10,2,3,0.1,0.1
0.019975033250667934,99.48032900215378,0.017922739380015724,0.8475202941195749,10,4,3,0.1,0.1
-0.42834994898290524,93.99492674830796,0.018622442944533378,0.8332190315001248,10,6,3,0.1,0.1
-0.5715894317340997,100.02650220839352,0.018917330038224597,0.8043107437847173,10,8,3,0.1,0.1
-0.5421050213467861,102.02110798730777,0.01613725683813354,0.7648724312427517,10,10,3,0.1,0.1
-0.1518215917496171,98.48497189098707,0.016895363537215283,0.7295362744759053,10,12,3,0.1,0.1
-0.14406830059891806,98.91949999224609,0.01940671993790609,0.6990109644796333,10,14,3,0.1,0.1
0.5003019835787201,97.25298604767474,0.022557233251729474,0.6666173213021339,10,16,3,0.1,0.1
-0.20232138560199972,100.7198796722567,0.01250298156819598,0.6246593362160542,10,18,3,0.1,0.1
-0.8537170796132771,94.11035984866332,0.019367970586009926,0.6016208436357766,10,20,3,0.1,0.1
0,0,0,1.0440204672322413,0,0,3,0.2,0.2
0,0,2.692214216457721e-19,1.0365449660644739,0,2,3,0.2,0.2
0,0,3.4241552139398276e-17,1.0141848930043549,0,4,3,0.2,0.2
0,0,4.157611776623569e-15,0.9770633299911375,0,6,3,0.2,0.2
0,0,6.772716121011955e-13,0.9249612077676603,0,8,3,0.2,0.2
0,0,1.0155230274821089e-10,0.8565015783420558,0,10,3,0.2,0.2
0,0,4.970940489337894e-9,0.7702176397115739,0,12,3,0.2,0.2
0,0,2.9039905944664116e-8,0.6732621960256996,0,14,3,0.2,0.2
0,0,2.6814183907139613e-8,0.5887415655205341,0,16,3,0.2,0.2
0,0,5.020034367330183e-9,0.5361626796889674,0,18,3,0.2,0.2
0,0,1.9125516621865724e-10,0.5122262122375147,0,20,3,0.2,0.2
0.03479224601250337,4.043606703054885,3.611485986622924e-5,1.0363913168789811,2,0,3,0.2,0.2
-0.09748282705607923,4.440897976529793,3.790120964025659e-5,1.028219228283024,2,2,3,0.2,0.2
0.07373117710221826,3.789679460403492,5.665082920799077e-5,1.0067779364778815,2,4,3,0.2,0.2
-0.09879791449047691,4.3211627483075175,2.1106630050526885e-4,0.9683192215087455,2,6,3,0.2,0.2
0.07767263076343753,4.007210868297745,4.0533796980693867e-4,0.9145375324816083,2,8,3,0.2,0.2
-0.028854045212861272,3.8175574621117345,7.544882361515133e-4,0.8447070980072736,2,10,3,0.2,0.2
0.017892851080830677,3.953348368443151,0.001295752388595168,0.7608379381993985,2,12,3,0.2,0.2
-0.02882647806279664,3.8492605403363926,0.0023942896616320763,0.6744325499623681,2,14,3,0.2,0.2
0.0624876681197616,4.321271814566882,0.0022899710585626712,0.6016525961759037,2,16,3,0.2,0.2
7.961197778869167e-5,4.420328286447464,8.308534998867726e-4,0.5489311975619724,2,18,3,0.2,0.2
-0.1498114607140708,3.8936323428735737,2.5431597739502816e-4,0.5198981760032736,2,20,3,0.2,0.2
-0.28467348192804703,14.125680985695904,4.3983307211983673e-4,1.0167314221690404,4,0,3,0.2,0.2
0.17273309710895493,17.645724296966716,9.298843725525895e-4,1.0020406092336007,4,2,3,0.2,0.2
0.48289037312799804,15.868287575645253,0.0011295863061602962,0.9832705881259933,4,4,3,0.2,0.2
-0.12264939488321254,14.23780235074499,0.0016941768961985946,0.9472593741229953,4,6,3,0.2,0.2
0.13779278563373293,16.02953510019526,0.0036633924429253085,0.8890754240482839,4,8,3,0.2,0.2
-0.034440479944754535,16.640649838155756,0.005498909969612166,0.823932303768976,4,10,3,0.2,0.2
-0.15414141706656131,17.224662075552033,0.00701943243501278,0.7504384320540346,4,12,3,0.2,0.2
0.05757305663517807,17.90917291572641,0.009785714890592568,0.6867024269397473,4,14,3,0.2,0.2
-0.07406624481829023,16.212267695897083,0.006611497867881491,0.6211535656722773,4,16,3,0.2,0.2
0.0657111573696285,15.709653358452771,0.004913821705059403,0.571669154062437,4,18,3,0.2,0.2
0.10801210769240382,15.422898418992103,0.0036279944295562402,0.5404443395572466,4,20,3,0.2,0.2
-0.020720450164900824,37.578865947312835,0.006414145415236657,0.9650942845874485,6,0,3,0.2,0.2
-0.18409159832173821,38.0253277447222,0.006748578475116231,0.9581737986738686,6,2,3,0.2,0.2
0.008727943935132454,35.13048965154764,0.005941718480561679,0.9436359196641583,6,4,3,0.2,0.2
0.033795703861708465,37.62124033889323,0.006946064557180633,0.9027448032253987,6,6,3,0.2,0.2
-0.24816135286116695,39.207501815427875,0.009375119148074889,0.8566317302019938,6,8,3,0.2,0.2
-0.04311431998144571,35.812571643755646,0.008793295319068051,0.8040326859750506,6,10,3,0.2,0.2
-0.6736576675337561,41.07799079915829,0.01279986023166925,0.7519452792185765,6,12,3,0.2,0.2
0.05754857318547783,35.70868466744536,0.012843724511621487,0.6881777895338486,6,14,3,0.2,0.2
0.029655612412193492,38.43503438159766,0.008372833748419134,0.6341819878236606,6,16,3,0.2,0.2
0.023419317828313295,34.96649170587467,0.012089685415843633,0.5948293549361549,6,18,3,0.2,0.2
0.18249268649004385,36.105365517134935,0.009250678487099871,0.5652055999491017,6,20,3,0.2,0.2
0.5265217970014701,66.07908438657869,0.014194441564220818,0.9079974437920821,8,0,3,0.2,0.2
-0.2628501459955467,65.22044496071152,0.013551235050131068,0.9088097206921841,8,2,3,0.2,0.2
0.22606276390536573,64.38121951498584,0.01182603876128917,0.8924966842990053,8,4,3,0.2,0.2
0.2689741300670619,65.00748798552881,0.012048115368176552,0.8644805392071718,8,6,3,0.2,0.2
-0.7248918908151036,61.394292397903875,0.012514556498683176,0.8302961456285813,8,8,3,0.2,0.2
0.10373530930106813,58.57362208925757,0.01282758926477465,0.7891022218847551,8,10,3,0.2,0.2
0.3824541259334402,57.5399457468623,0.01194930274972647,0.744415703520325,8,12,3,0.2,0.2
0.018797764440528116,60.13545329095704,0.010939462083207641,0.6907747788725941,8,14,3,0.2,0.2
-0.8105391474683076,60.10222336517384,0.01697896189116186,0.6554681479219464,8,16,3,0.2,0.2
-0.044890443186502586,61.792272196670396,0.015902189146650543,0.616838121879142,8,18,3,0.2,0.2
0.29008525728232326,59.43883916630691,0.013074350513010438,0.5842610107025159,8,20,3,0.2,0.2
-1.4965080391981944,88.79349868574116,0.01968945164870932,0.8765979476542323,10,0,3,0.2,0.2
-0.04794956823118362,99.6978659791428,0.01974575783153516,0.8566952068310776,10,2,3,0.2,0.2
-0.7091694905715087,91.03148205874119,0.016449276407339345,0.8578746359165076,10,4,3,0.2,0.2
0.6074893064852825,100.13607042076374,0.01723132978797873,0.8289923533366986,10,6,3,0.2,0.2
0.21208624878735519,98.15459030661388,0.015042424123002824,0.7983741461994284,10,8,3,0.2,0.2
0.24302081221886132,93.03391660286039,0.014506469735942308,0.7767573942601402,10,10,3,0.2,0.2
0.2525195628227763,97.88594713932643,0.018493139566015383,0.7420897703846315,10,12,3,0.2,0.2
0.32213503513651287,107.81941264401188,0.01699538496574451,0.6999349686279851,10,14,3,0.2,0.2
0.1047525883939394,90.65230623089343,0.01698079698693682,0.6662353856810438,10,16,3,0.2,0.2
-0.7286328234066654,97.98361593268535,0.016590793709746754,0.6258578419837219,10,18,3,0.2,0.2
0.6866044529864065,100.58215989073074,0.015166824976031492,0.6017686644047714,10,20,3,0.2,0.2
0,0,0,1.0440204672322415,0,0,4,0.1,0.1
0,0,5.728752506383776e-17,1.0365450421090354,0,2,4,0.1,0.1
0,0,5.034093390704344e-15,1.0141854829857369,0,4,4,0.1,0.1
0,0,3.2269907517051735e-13,0.9770666961072904,0,6,4,0.1,0.1
0,0,2.1656938045374048e-11,0.9249782006602807,0,8,4,0.1,0.1
0,0,1.093492894595653e-9,0.8565688176553,0,10,4,0.1,0.1
0,0,1.7355238099337588e-8,0.7703562573760988,0,12,4,0.1,0.1
0,0,4.933085536289695e-8,0.6733698953602101,0,14,4,0.1,0.1
0,0,3.411577027875577e-8,0.5887802510775715,0,16,4,0.1,0.1
0,0,5.6885066435897634e-9,0.5361698380046006,0,18,4,0.1,0.1
0,0,2.0486881544614383e-10,0.5122269125435449,0,20,4,0.1,0.1
-0.05659768257995727,4.031825615570093,3.743525194837727e-5,1.0364255425644084,2,0,4,0.1,0.1
0.023505203518425655,3.66324874937319,3.082175318463126e-5,1.0296163864964047,2,2,4,0.1,0.1
0.08354110397438706,4.33637729796537,7.786186697099759e-5,1.0057205601682662,2,4,4,0.1,0.1
0.16764302335536665,4.082822926661652,1.8271439958581179e-4,0.9686070830465061,2,6,4,0.1,0.1
-0.19731232911016597,3.8787952834114785,5.143261839075484e-4,0.9166294789591786,2,8,4,0.1,0.1
-0.08748605162987325,3.8943837211770185,0.001305616477673802,0.8452899489518516,2,10,4,0.1,0.1
-0.08478924735063896,4.030126369936969,0.002944871579463987,0.7613843405961049,2,12,4,0.1,0.1
-0.07670854252263554,3.9554779622257796,0.0020715546916872636,0.6732292578528862,2,14,4,0.1,0.1
0.0328503896152907,3.9208366362567446,0.003062487198755717,0.6003816005016547,2,16,4,0.1,0.1
-0.06492634870222401,3.8003215543852833,5.893246986160091e-4,0.5467667839732719,2,18,4,0.1,0.1
0.05266703116937619,4.151254947512779,2.3333553645868036e-4,0.5200585674383559,2,20,4,0.1,0.1
-0.09280881514462262,14.407994024926378,7.404706449578073e-4,1.0159636668717498,4,0,4,0.1,0.1
-0.26691373072433966,17.042901374719325,0.0011558374775124693,1.002586573083093,4,2,4,0.1,0.1
0.023083449312450523,15.96723855134688,0.0013605740132737736,0.9812584160763398,4,4,4,0.1,0.1
0.49690841667144253,16.234493615130308,0.0026699257481461367,0.9469793066473196,4,6,4,0.1,0.1
0.0758649808726462,16.42680764427177,0.00455076284309665,0.8890869313648035,4,8,4,0.1,0.1
0.37309274837172157,16.357400861891996,0.007474141176072268,0.8274160755247234,4,10,4,0.1,0.1
-0.2751738247648536,17.642037769970877,0.008364744213043913,0.7491111623434117,4,12,4,0.1,0.1
0.08698388907901781,16.5502920528131,0.008274995244438709,0.6811824380741621,4,14,4,0.1,0.1
0.13948506770480276,17.042395965698777,0.01083311130591392,0.6223315509456483,4,16,4,0.1,0.1
-0.03794763882839054,14.131894200901458,0.0036807097430596645,0.5679028629394771,4,18,4,0.1,0.1
-0.1237771231965804,14.216967388342184,0.0014960040903621308,0.5363962428954289,4,20,4,0.1,0.1
0.0341938821048474,34.056320513555114,0.00512575692891215,0.9737299903165179,6,0,4,0.1,0.1
-0.09168137670070807,36.620861214213285,0.005228592706784687,0.96142586773328,6,2,4,0.1,0.1
-0.25127959722340415,35.56835551740059,0.005597299908043748,0.9444936292355657,6,4,4,0.1,0.1
-0.556275948793255,36.434499528329376,0.007856593969610666,0.91088205473225,6,6,4,0.1,0.1
0.047839588247979195,34.83869351076214,0.009851151314767652,0.864809449491894,6,8,4,0.1,0.1
0.24041351247389642,39.583225279274025,0.010417062738455291,0.7951965687036837,6,10,4,0.1,0.1
-0.16058634033330665,37.771578389824796,0.01195331392234963,0.7414303135344459,6,12,4,0.1,0.1
-0.13105369876779824,32.32284675060616,0.01058368295342443,0.6874198791899758,6,14,4,0.1,0.1
-0.048583317166534815,38.577808618388104,0.016120637414593714,0.6422702387523502,6,16,4,0.1,0.1
-0.6894642731745767,38.085380118339295,0.013482645195728046,0.6040531218333863,6,18,4,0.1,0.1
0.3403103986884744,37.674352709710924,0.008292595403197591,0.5666950921705001,6,20,4,0.1,0.1
-0.07892623119040959,61.65553549565263,0.013336236428989868,0.9194408131794074,8,0,4,0.1,0.1
0.3143756123146371,57.13509547066758,0.01033902296615163,0.9196785024735407,8,2,4,0.1,0.1
0.32512089658616933,66.33222561427591,0.012918303646371709,0.8869244831508057,8,4,4,0.1,0.1
-0.4055146992563559,70.46234399193801,0.013006853160609002,0.8533320333779487,8,6,4,0.1,0.1
0.41226825935768396,63.43753686663123,0.011905578727080509,0.8255273669363481,8,8,4,0.1,0.1
-0.018738476818173765,63.83147739432333,0.016030395050992394,0.7882973823033391,8,10,4,0.1,0.1
-0.13168823725373452,57.87615404914753,0.014627721243296584,0.7401067258318157,8,12,4,0.1,0.1
0.27309777697109106,68.56109230388607,0.017237240925848062,0.7035627323066328,8,14,4,0.1,0.1
-0.41884710911574563,61.443383741938625,0.012027593883916284,0.6474271559381698,8,16,4,0.1,0.1
0.4391044744224117,57.70814478892798,0.01736319029102584,0.6167379382279861,8,18,4,0.1,0.1
0.12130001722242928,58.69849612825117,0.012336759906731417,0.5825769078900397,8,20,4,0.1,0.1
-0.10354315560273322,102.46596125790829,0.020561759800096495,0.8497160744978716,10,0,4,0.1,0.1
0.720297626634541,112.07463087402728,0.02357632913592976,0.8420008651494615,10,2,4,0.1,0.1
0.8037759804833434,106.4378419841888,0.01958937273758489,0.8353012235591777,10,4,4,0.1,0.1
0.8751683290965876,97.58814769178545,0.0164846139014311,0.828152036295011,10,6,4,0.1,0.1
0.18071229212566803,96.29034686995382,0.017410249603654653,0.8030705073608159,10,8,4,0.1,0.1
-0.6638441531789739,107.69292383285296,0.01989970894689862,0.7641696178183672,10,10,4,0.1,0.1
0.6583007771552581,95.77957736056068,0.019683270064435605,0.7463592653660847,10,12,4,0.1,0.1
0.44811884575258093,95.21240323689793,0.019922429940246515,0.7019911256676667,10,14,4,0.1,0.1
0.5548563570972657,101.15435149355615,0.01765793013799568,0.6663121630911825,10,16,4,0.1,0.1
0.051723460394538213,97.53224882835843,0.01827238015847208,0.6286148763776984,10,18,4,0.1,0.1
-0.2998063326335526,104.10552258979858,0.012577052115886013,0.5977642618667384,10,20,4,0.1,0.1
0,0,0,1.0440204672322413,0,0,4,0.2,0.2
0,0,2.692214216457721e-19,1.0365449660644739,0,2,4,0.2,0.2
0,0,3.4241552139398276e-17,1.0141848930043549,0,4,4,0.2,0.2
0,0,4.157611776623569e-15,0.9770633299911375,0,6,4,0.2,0.2
0,0,6.772716121011955e-13,0.9249612077676603,0,8,4,0.2,0.2
0,0,1.0155230274821089e-10,0.8565015783420558,0,10,4,0.2,0.2
0,0,4.970940489337894e-9,0.7702176397115739,0,12,4,0.2,0.2
0,0,2.9039905944664116e-8,0.6732621960256996,0,14,4,0.2,0.2
0,0,2.6814183907139613e-8,0.5887415655205341,0,16,4,0.2,0.2
0,0,5.020034367330183e-9,0.5361626796889674,0,18,4,0.2,0.2
0,0,1.9125516621865724e-10,0.5122262122375147,0,20,4,0.2,0.2
-0.07410250558453875,3.9150936174449122,4.108665506779166e-5,1.0366079895661984,2,0,4,0.2,0.2
0.09227395781281197,3.784686290154006,3.248423736141593e-5,1.029379288225061,2,2,4,0.2,0.2
0.015311619339184611,4.013524541439759,5.124361088559875e-5,1.0062430686286936,2,4,4,0.2,0.2
0.15169335958198674,4.0632441054365875,1.4763293677736005e-4,0.969297557907641,2,6,4,0.2,0.2
0.003849007560085463,3.628631865821425,3.387873595466874e-4,0.9159877146113441,2,8,4,0.2,0.2
0.04976314877001416,4.464494801102953,8.812565191305723e-4,0.8433431945972565,2,10,4,0.2,0.2
0.016217868952876257,3.6442853946339717,0.002015718148227354,0.7628861202177761,2,12,4,0.2,0.2
-0.05117049868978073,4.40814566743855,0.0020019571305457755,0.6736648867073594,2,14,4,0.2,0.2
0.1609294236740892,3.7580626174194847,0.0027593461426484917,0.6010390755934557,2,16,4,0.2,0.2
-0.026863373870028556,3.866776364529806,7.705338924562734e-4,0.5473593553229794,2,18,4,0.2,0.2
-0.04067077611034606,3.7702755568545676,1.9021532335759106e-4,0.5191540348728976,2,20,4,0.2,0.2
0.06634762863456745,16.36624770977271,0.0011382243414607227,1.0115050042583786,4,0,4,0.2,0.2
-0.10998295582062256,15.915939858513036,9.593428168886549e-4,1.0051141676419062,4,2,4,0.2,0.2
0.07976785142571105,15.778777200256803,0.0013093088123712722,0.9811330045880878,4,4,4,0.2,0.2
0.08543008546916102,17.695117814586187,0.0023751696309155515,0.9396347449118486,4,6,4,0.2,0.2
0.0036827481007875537,16.736884996797944,0.003465665155416867,0.8848046662521694,4,8,4,0.2,0.2
0.02590936033212923,13.585901202068102,0.00489754023522947,0.8315338809712667,4,10,4,0.2,0.2
0.09523601050107472,16.24133309899681,0.009370722500992329,0.758981347173105,4,12,4,0.2,0.2
0.2513469170022178,16.415518349830013,0.00823046912899851,0.684532891067539,4,14,4,0.2,0.2
-0.04744892118682601,15.166111105763653,0.0070360601902561895,0.6186968767574942,4,16,4,0.2,0.2
-0.01840038834045856,15.075366948600962,0.004694655651861892,0.5701346985631218,4,18,4,0.2,0.2
-0.15842804332385482,16.445567878475863,0.002448969030027862,0.5405647836687556,4,20,4,0.2,0.2
-0.43062306668118105,31.74006616788566,0.0038108898810967308,0.9789760493205121,6,0,4,0.2,0.2
0.3402575111197818,35.178500294309885,0.0052086186873616025,0.9641529550324437,6,2,4,0.2,0.2
-0.5754598465479914,42.73275415272042,0.006839791801933454,0.9299040728693486,6,4,4,0.2,0.2
-0.2671261502282018,35.03321215352957,0.00625249251414203,0.9062531390073296,6,6,4,0.2,0.2
0.00447723109100486,33.70694172260995,0.00888323356625301,0.8636302014988023,6,8,4,0.2,0.2
0.14269755211949794,35.76659832325038,0.010348249000725182,0.8108875709734814,6,10,4,0.2,0.2
-0.09196100962771747,35.35031608742812,0.011722117400766691,0.7547428260495916,6,12,4,0.2,0.2
-0.2987285449594147,34.19376609778674,0.011846060224340517,0.6906556541325328,6,14,4,0.2,0.2
0.4851365324447451,34.88222680232857,0.013640137910788856,0.6419799008896727,6,16,4,0.2,0.2
0.013951724903557158,32.756325660393536,0.007618270948896383,0.5895769675052132,6,18,4,0.2,0.2
0.5563895314098003,35.144931425662534,0.010499922822129462,0.5639911960573825,6,20,4,0.2,0.2
0.2877827036778173,61.35908771899408,0.01188404481006343,0.919973102819133,8,0,4,0.2,0.2
0.15667323006431993,65.17772205917235,0.014101453512572928,0.9051097612962677,8,2,4,0.2,0.2
0.3429046169710648,59.18975017283919,0.010841889574157574,0.9052739065304309,8,4,4,0.2,0.2
-0.04472107733412216,64.21330539923997,0.012110911782677843,0.8634563118549377,8,6,4,0.2,0.2
-0.5058190989526874,63.09387702248743,0.012005181989016242,0.8312389054426558,8,8,4,0.2,0.2
-0.26968538616544324,57.601309408908676,0.012096337012645252,0.7946678342691896,8,10,4,0.2,0.2
-0.025908391789850268,70.6326491106947,0.016096154310821193,0.7482673205210076,8,12,4,0.2,0.2
0.04177285373946495,67.24474038878013,0.012049761080130651,0.6904260475551358,8,14,4,0.2,0.2
0.060972333476012844,56.35348729263423,0.013850665553607283,0.6523041918905516,8,16,4,0.2,0.2
0.3030833527158203,69.01094311457862,0.01656266031741399,0.6226451978153532,8,18,4,0.2,0.2
-0.6437016516018826,61.166312817729,0.012689593281456437,0.5841179241549755,8,20,4,0.2,0.2
-0.019445824958356124,93.57735788548518,0.020038251160401064,0.8701162317371983,10,0,4,0.2,0.2
-0.8289915958495719,104.37149392848853,0.019758562968105867,0.8518709641459479,10,2,4,0.2,0.2
0.7229848737839188,99.65178822204112,0.0188657123533673,0.8571105658446497,10,4,4,0.2,0.2
-0.13394606573525825,96.47628876381269,0.016063429037378275,0.8356240001790246,10,6,4,0.2,0.2
-0.03515414813379027,96.86391310279049,0.01717191151622102,0.8041490759568771,10,8,4,0.2,0.2
0.24271459652131805,103.36520067986827,0.01580193720038183,0.7727731147792538,10,10,4,0.2,0.2
0.08575055325753374,97.92239290546001,0.013182812793661729,0.7298677444324495,10,12,4,0.2,0.2
-0.007828737114453555,90.99213783122583,0.015559556715408221,0.697809638266228,10,14,4,0.2,0.2
1.1182107098967133,105.40996279849625,0.02203294600975897,0.6739684754091516,10,16,4,0.2,0.2
0.6775136063541111,94.46857742695246,0.01676164651554538,0.6315026000246183,10,18,4,0.2,0.2
0.07702094093022617,93.71750510852135,0.012795861471000149,0.5977728541926695,10,20,4,0.2,0.2
0,0,0,1.0440204672322415,0,0,5,0.1,0.1
0,0,5.728752506383776e-17,1.0365450421090354,0,2,5,0.1,0.1
0,0,5.034093390704344e-15,1.0141854829857369,0,4,5,0.1,0.1
0,0,3.2269907517051735e-13,0.9770666961072904,0,6,5,0.1,0.1
0,0,2.1656938045374048e-11,0.9249782006602807,0,8,5,0.1,0.1
0,0,1.093492894595653e-9,0.8565688176553,0,10,5,0.1,0.1
0,0,1.7355238099337588e-8,0.7703562573760988,0,12,5,0.1,0.1
0,0,4.933085536289695e-8,0.6733698953602101,0,14,5,0.1,0.1
0,0,3.411577027875577e-8,0.5887802510775715,0,16,5,0.1,0.1
0,0,5.6885066435897634e-9,0.5361698380046006,0,18,5,0.1,0.1
0,0,2.0486881544614383e-10,0.5122269125435449,0,20,5,0.1,0.1
-0.16169577851650352,3.4535399592393676,2.645272390578987e-5,1.0374582747508463,2,0,5,0.1,0.1
-0.07261062476747968,3.6480168896420615,4.2059264198007694e-5,1.0298246517600056,2,2,5,0.1,0.1
0.1233923131606947,3.7587221399348945,5.689278405684916e-5,1.007013151957709,2,4,5,0.1,0.1
-0.05660029780220038,3.4749645401291276,1.1217410059668422e-4,0.9694486923001079,2,6,5,0.1,0.1
0.1871855708645973,3.7497351227986098,6.664325462895668e-4,0.9183021208324935,2,8,5,0.1,0.1
0.19266925081165862,4.0674920931430325,0.0022782258883829233,0.8490908185350844,2,10,5,0.1,0.1
0.0017022667227497843,3.7468329680771597,0.0027381366715288754,0.7638835881597741,2,12,5,0.1,0.1
-0.04171825921663201,3.8378537911629804,0.0019352918780295148,0.6726196826703164,2,14,5,0.1,0.1
-0.1265065952297917,3.741371972807344,0.0013703974768760302,0.5985276838000833,2,16,5,0.1,0.1
0.020045212979611957,3.9146212525388013,8.236628140206533e-4,0.5480020365389934,2,18,5,0.1,0.1
-0.09752791058957475,4.194731286028849,2.3551695565212082e-4,0.5199614710612745,2,20,5,0.1,0.1
-0.06741559070179584,15.78591179950785,8.602306405685567e-4,1.0130986088484715,4,0,5,0.1,0.1
-0.11675183122258369,14.53553767104495,0.0010026390013134197,1.0075828222385375,4,2,5,0.1,0.1
-0.16858399785699207,16.974689550703765,0.001639384200145573,0.9803520176064425,4,4,5,0.1,0.1
-0.04419766925372986,16.075971612427228,0.0028480384128936496,0.942141712521461,4,6,5,0.1,0.1
-0.08236632275565056,15.356203568379131,0.004041827861550697,0.8877266477023809,4,8,5,0.1,0.1
-0.16341518579155118,13.938000053977447,0.006452663744876357,0.8259144321349113,4,10,5,0.1,0.1
0.10651425745730429,17.388526358518693,0.009531946591419106,0.751159699635488,4,12,5,0.1,0.1
0.0655370969408008,17.02590517083537,0.008765450215292094,0.6797245063970814,4,14,5,0.1,0.1
-0.03384794085640178,16.8576073848525,0.009695917446069499,0.6214212210835415,4,16,5,0.1,0.1
-0.20313300049946809,17.939957260148432,0.004827115538838759,0.5747986960861574,4,18,5,0.1,0.1
-3.8066689600336183e-4,15.506013500884972,0.0021559385883811433,0.5378437106498684,4,20,5,0.1,0.1
0.15746774698525795,40.66131068259818,0.006121340529333565,0.9604905959712333,6,0,5,0.1,0.1
0.34779020297718577,34.71937569001159,0.003902433777490498,0.966427640342316,6,2,5,0.1,0.1
0.42120335809301157,33.31493479702779,0.004593102906172966,0.9485617443629432,6,4,5,0.1,0.1
-0.5253182193054019,38.04981966076788,0.007947294550882396,0.9047732496873757,6,6,5,0.1,0.1
-0.26829491031837854,42.258616948590884,0.010984597018980502,0.8469798103345517,6,8,5,0.1,0.1
-0.4466952238001223,32.9060135671123,0.011962538542514245,0.8037983811586884,6,10,5,0.1,0.1
-0.5527105810400142,35.58592523393992,0.014787209290492365,0.7500493660940435,6,12,5,0.1,0.1
0.3853730129872793,34.806578943858774,0.011102239240452151,0.6911824785507026,6,14,5,0.1,0.1
0.14816485024984918,36.196247239438016,0.011351852231990124,0.6353165400971204,6,16,5,0.1,0.1
-0.011632321429271163,34.2699436625407,0.007800648900339338,0.5889643549630761,6,18,5,0.1,0.1
0.06185630383702437,31.253718159803462,0.00826458259883273,0.5576859907146104,6,20,5,0.1,0.1
-0.25260378021364965,60.398478000881425,0.012304065826148024,0.9191727246811563,8,0,5,0.1,0.1
-0.2603660104517322,67.34177698081014,0.013275780018806034,0.902953629500112,8,2,5,0.1,0.1
0.3860058828454643,61.80070108431208,0.012039640779203364,0.8972310918967045,8,4,5,0.1,0.1
-0.8719734272340939,65.24766567515601,0.013759173806575995,0.8702158601146442,8,6,5,0.1,0.1
0.28140639708236426,62.377702423389636,0.012927222917959455,0.8237285315599322,8,8,5,0.1,0.1
0.20752454014506186,64.87751955199221,0.013413951097828105,0.7811848288344609,8,10,5,0.1,0.1
-0.2531625070530563,64.69454245640284,0.013995892005389355,0.7364472182824723,8,12,5,0.1,0.1
-0.04625932256337787,65.1726404079337,0.0160455516417439,0.6941709730490491,8,14,5,0.1,0.1
0.21259739951405493,64.79128146293877,0.015625084045570985,0.6548987031303356,8,16,5,0.1,0.1
-0.33134421976559236,68.17564295441156,0.019400676162111705,0.6224699900759063,8,18,5,0.1,0.1
-0.15139961957438502,65.56165942805909,0.011447277024788012,0.5843585124317753,8,20,5,0.1,0.1
0.6579394140439617,99.62647409004163,0.02067607066891868,0.8567314641240125,10,0,5,0.1,0.1
-0.6812915668655762,100.53076333456276,0.021094225538967958,0.8550819884837565,10,2,5,0.1,0.1
-0.3958971020891759,100.8616688366693,0.018481469220567995,0.8410034062937947,10,4,5,0.1,0.1
-0.01899998132387031,93.12654193857081,0.018719365388466712,0.8288820437768556,10,6,5,0.1,0.1
-0.07877362980738373,98.78874134249276,0.01865308494049923,0.7987365504300795,10,8,5,0.1,0.1
-0.5098381660083707,92.15767566386562,0.019352429511341508,0.7761225800086345,10,10,5,0.1,0.1
0.15748190413244492,99.96472514328603,0.016066212223124703,0.7332587348722526,10,12,5,0.1,0.1
-0.9883644831797859,102.15645856022957,0.02013208124698816,0.6998725497979353,10,14,5,0.1,0.1
0.81689370640041,97.4474846215227,0.019559185710527296,0.6630091792850591,10,16,5,0.1,0.1
0.6773803054516081,98.26050806659684,0.017065612788712534,0.6310946913686052,10,18,5,0.1,0.1
0.6442463858773325,103.3890603731931,0.01851467440067126,0.6051053497967399,10,20,5,0.1,0.1
0,0,0,1.0440204672322413,0,0,5,0.2,0.2
0,0,2.692214216457721e-19,1.0365449660644739,0,2,5,0.2,0.2
0,0,3.4241552139398276e-17,1.0141848930043549,0,4,5,0.2,0.2
0,0,4.157611776623569e-15,0.9770633299911375,0,6,5,0.2,0.2
0,0,6.772716121011955e-13,0.9249612077676603,0,8,5,0.2,0.2
0,0,1.0155230274821089e-10,0.8565015783420558,0,10,5,0.2,0.2
0,0,4.970940489337894e-9,0.7702176397115739,0,12,5,0.2,0.2
0,0,2.9039905944664116e-8,0.6732621960256996,0,14,5,0.2,0.2
0,0,2.6814183907139613e-8,0.5887415655205341,0,16,5,0.2,0.2
0,0,5.020034367330183e-9,0.5361626796889674,0,18,5,0.2,0.2
0,0,1.9125516621865724e-10,0.5122262122375147,0,20,5,0.2,0.2
0.10949069033511809,3.9914862767051043,4.921549164148777e-5,1.0364431127606268,2,0,5,0.2,0.2
0.027816820422268712,4.257783127880938,5.3714010432620135e-5,1.0284021801322918,2,2,5,0.2,0.2
0.17258058790790967,3.7600418892663616,5.555288517425093e-5,1.006866501812151,2,4,5,0.2,0.2
-0.0011711252604718432,3.8491163255339944,1.4722281968180493e-4,0.968510116718057,2,6,5,0.2,0.2
0.02534385969699086,3.5568239596248503,3.2216234066703085e-4,0.9165037857943116,2,8,5,0.2,0.2
0.0032347596560614216,3.923266374556105,0.0010358775920894369,0.8461785123579367,2,10,5,0.2,0.2
0.09840005565822131,3.7495869468809286,0.0021340635993051366,0.7648851275774281,2,12,5,0.2,0.2
0.015279227490429422,4.274575987434906,0.00311162767285638,0.6785638644223285,2,14,5,0.2,0.2
-0.08551206432775801,3.7161316744357205,0.0023085063092215014,0.5990293343994507,2,16,5,0.2,0.2
-0.008460043990910947,3.737024735312903,7.300182039471874e-4,0.5474878734171481,2,18,5,0.2,0.2
-0.09304332298182393,4.173746506501205,3.061690018926337e-4,0.5201286235082723,2,20,5,0.2,0.2
0.18940319309638493,16.74186771183093,8.613256781129273e-4,1.0110949740028274,4,0,5,0.2,0.2
0.09012159967354332,15.449062498445276,8.707482473897017e-4,1.0058381752937013,4,2,5,0.2,0.2
-0.003320638157787224,16.24710069991661,0.001440947126876584,0.9805112897905431,4,4,5,0.2,0.2
-0.19923537112715853,17.105600707236952,0.0022926455767875004,0.9388505269395959,4,6,5,0.2,0.2
-0.13822174340588692,15.15712912728891,0.0032705394061535997,0.8901126466639352,4,8,5,0.2,0.2
0.1901804166243961,16.739626438492238,0.005154902247277157,0.8230454722919568,4,10,5,0.2,0.2
-0.0053074988776020075,15.857124298699981,0.005722315252300598,0.7512547896112359,4,12,5,0.2,0.2
-0.03234205196247855,15.764526028729515,0.007306433694502238,0.6821389278593013,4,14,5,0.2,0.2
0.09695837030769348,17.170119596054324,0.007857696731581336,0.6217430903122433,4,16,5,0.2,0.2
-0.22587277519774213,16.651434419269975,0.005071531834093283,0.5739454726892949,4,18,5,0.2,0.2
-0.11629683708807263,16.935971801046872,0.0038624292987860112,0.5410244387651054,4,20,5,0.2,0.2
-0.0806376546930959,33.16011613298743,0.004298565071925078,0.9763371835208046,6,0,5,0.2,0.2
0.4487753335499565,36.476260500190754,0.005179062133860962,0.9611278616783844,6,2,5,0.2,0.2
-0.024871890799395998,38.235745008075035,0.005763751024427528,0.9355734955008651,6,4,5,0.2,0.2
0.43488029643477155,40.032450129343225,0.007911489379552593,0.9037695700093255,6,6,5,0.2,0.2
-0.06525891950123998,37.05158341205919,0.0078066873701250015,0.8578758282685007,6,8,5,0.2,0.2
0.0875263278294236,35.26221604294185,0.008499406059481171,0.8026604973567742,6,10,5,0.2,0.2
0.23210405016297952,35.545138481839096,0.010577357579617216,0.7456144581709928,6,12,5,0.2,0.2
0.04603256057553718,38.97086890216988,0.008208149058506678,0.6851452711716851,6,14,5,0.2,0.2
0.07299671899530577,38.2418199793411,0.011650263217850986,0.6406118799052076,6,16,5,0.2,0.2
0.20667749563697976,38.11090855630149,0.012300380678379208,0.5985493981346242,6,18,5,0.2,0.2
0.1559638265319546,35.08105394421235,0.00599384365256898,0.5588300451982516,6,20,5,0.2,0.2
0.08102261501610636,59.97242745401418,0.012699908744915599,0.9231721024684022,8,0,5,0.2,0.2
0.09866483175865864,65.8894826100125,0.01188501748994572,0.904558823166887,8,2,5,0.2,0.2
-0.10362957977209508,62.42291728843027,0.011722762055748313,0.8948725089671807,8,4,5,0.2,0.2
0.34612268915795447,64.75729875092304,0.012792284810065254,0.8655681688599945,8,6,5,0.2,0.2
0.4190368565261127,63.60284212889484,0.013638728565796026,0.8328042163777661,8,8,5,0.2,0.2
0.24785529534404557,62.450085608633444,0.011533896071373862,0.7826566092970049,8,10,5,0.2,0.2
0.3163903483850552,64.39585634368882,0.016577070933819705,0.7460771149343982,8,12,5,0.2,0.2
-0.5361000260494942,67.7798576386261,0.011680024884630892,0.6920600315451823,8,14,5,0.2,0.2
0.25636164611626766,65.67900149720153,0.014724734341870308,0.6499210598394515,8,16,5,0.2,0.2
0.17664163094648358,65.88959119592823,0.011523493107333542,0.6166176409632586,8,18,5,0.2,0.2
-0.18421932193611135,59.39639778856358,0.011566555596023058,0.5816494782449798,8,20,5,0.2,0.2
0.5468301333365713,103.21591186618397,0.023989653524383956,0.8564097163032541,10,0,5,0.2,0.2
0.6799910024195615,84.919883886764,0.01736656576588686,0.8753778468621295,10,2,5,0.2,0.2
0.5446705751005154,103.06425721220356,0.019754712493954926,0.845470249348575,10,4,5,0.2,0.2
-0.6618614629727377,97.42026116645994,0.018099462491009632,0.8302170313661887,10,6,5,0.2,0.2
0.7074638514880048,96.56257706614718,0.015517488342697758,0.8061321328792818,10,8,5,0.2,0.2
-0.1256094615509474,87.72754676827635,0.014413154598826016,0.7745752917938904,10,10,5,0.2,0.2
0.0783709765651928,97.69953719412203,0.01633880484277146,0.7394653835949434,10,12,5,0.2,0.2
0.19173560558472752,98.82261567990606,0.01584728019974591,0.6995334227645635,10,14,5,0.2,0.2
0.3706694697059122,97.66148544515669,0.01916819476305527,0.6698090234003735,10,16,5,0.2,0.2
-0.31438848228088184,121.77505212559589,0.015521467014968452,0.6408690463300594,10,18,5,0.2,0.2
-0.2826797910863639,102.45840977773094,0.01308797659237777,0.6017967144574143,10,20,5,0.2,0.2
